Date,Voivodeships,Districts,Terytorial Code,14D Total Deaths / 10000,7D AVR Infections / 10000,(% ) Booster Dose,Date - Booster Dose,Population / 10000,t14,t13,t12,t11,t10,t9,t8,t7,t6,t5,t4,t3,t2,t1,t
2021-12-09,Entire Country,Entire Country,0,1.3512267208301252,6.091428571428572,0.0,2021-12-09,3823.1926,5.627142857142858,5.747142857142857,5.877142857142857,5.981428571428572,6.0442857142857145,6.072857142857144,6.039999999999999,6.065714285714286,6.0371428571428565,6.045714285714285,6.022857142857142,6.091428571428572,6.095714285714285,6.107142857142857,6.091428571428572
2021-12-09,dolnośląskie,Bolesławiecki,201,2.450925781511107,9.044285714285712,7.165615739399746,2021-12-09,8.9762,7.124285714285714,7.727142857142857,7.472857142857142,8.345714285714285,8.314285714285715,8.425714285714285,8.728571428571428,8.141428571428571,8.11,8.299999999999999,7.887142857142857,8.474285714285715,8.537142857142857,8.36142857142857,9.044285714285712
2021-12-09,dolnośląskie,Dzierżoniowski,202,0.9005853804973233,5.457142857142857,7.9041376894981745,2021-12-09,9.9935,3.0542857142857147,2.827142857142857,3.0271428571428567,3.581428571428571,4.092857142857143,3.9785714285714286,4.021428571428571,3.7514285714285713,4.177142857142857,4.731428571428571,4.547142857142857,5.001428571428571,5.087142857142857,5.058571428571429,5.457142857142857
2021-12-09,dolnośląskie,Głogowski,203,1.0175585378814431,6.655714285714287,11.167139642950016,2021-12-09,8.8447,5.258571428571428,5.227142857142858,6.658571428571428,5.581428571428572,6.24,6.127142857142857,6.769999999999999,6.577142857142856,6.431428571428571,5.851428571428571,6.735714285714286,6.414285714285714,6.784285714285714,6.43,6.655714285714287
2021-12-09,dolnośląskie,Górowski,204,0.8682565408659412,5.847142857142857,6.433780967816624,2021-12-09,3.4552,4.57,4.404285714285714,4.485714285714286,4.857142857142857,4.774285714285715,4.774285714285715,4.938571428571429,5.062857142857142,5.268571428571428,5.927142857142857,6.132857142857142,6.257142857142857,6.339999999999999,6.464285714285714,5.847142857142857
2021-12-09,dolnośląskie,Jaworski,205,1.2064181445288935,6.2942857142857145,10.188201230546508,2021-12-09,4.9734,3.231428571428572,2.9171428571428573,3.117142857142857,4.232857142857143,3.947142857142857,4.12,4.2057142857142855,4.005714285714285,6.0371428571428565,5.521428571428571,5.435714285714285,6.408571428571428,6.351428571428571,6.552857142857143,6.2942857142857145
2021-12-09,dolnośląskie,Karkonoski,206,1.4210601108426886,4.505714285714286,9.519523786967298,2021-12-09,6.3333,2.997142857142857,2.84,3.02,3.132857142857143,3.381428571428572,3.3814285714285712,3.448571428571429,3.268571428571429,3.494285714285714,3.494285714285714,3.741428571428571,4.1242857142857146,3.8314285714285714,4.147142857142858,4.505714285714286
2021-12-09,dolnośląskie,Kamiennogórski,207,0.4670278348589576,2.8528571428571428,9.429291985802356,2021-12-09,4.2824,0.5957142857142858,0.7628571428571428,1.1285714285714286,0.9628571428571427,1.1285714285714286,1.1614285714285713,1.2614285714285711,1.3942857142857146,1.3942857142857144,1.3942857142857146,1.56,1.6928571428571426,1.958571428571428,2.19,2.8528571428571428
2021-12-09,dolnośląskie,Kłodzki,208,0.8958108047580351,3.79,10.10666547225226,2021-12-09,15.6283,2.0985714285714288,2.4528571428571437,2.7071428571428577,2.8242857142857147,2.97,3.007142857142857,3.1157142857142857,3.0614285714285714,2.915714285714286,2.878571428571429,2.8885714285714283,3.18,3.0985714285714283,3.0985714285714288,3.79
2021-12-09,dolnośląskie,Legnicki,209,0.9072763563781528,7.502857142857144,7.523135547087643,2021-12-09,5.511,4.527142857142857,4.448571428571428,4.19,4.475714285714285,5.225714285714285,5.33,5.511428571428572,6.158571428571428,6.78,7.090000000000001,7.555714285714286,7.271428571428572,7.632857142857143,7.684285714285715,7.502857142857144
2021-12-09,dolnośląskie,Lubański,210,1.4855529971031716,6.525714285714287,6.710985664413578,2021-12-09,5.3852,5.045714285714287,6.050000000000002,5.812857142857142,6.394285714285714,6.764285714285714,7.028571428571429,7.107142857142857,7.899999999999999,7.477142857142857,7.107142857142857,6.87,7.081428571428572,7.424285714285714,6.948571428571428,6.525714285714287
2021-12-09,dolnośląskie,Lubiński,211,1.3220518244315176,8.144285714285713,14.34615094054544,2021-12-09,10.5896,7.552857142857143,7.5928571428571425,7.498571428571429,7.484285714285714,8.064285714285713,8.36,8.104285714285714,7.674285714285714,7.902857142857144,8.145714285714286,8.415714285714285,8.212857142857143,7.862857142857143,7.902857142857143,8.144285714285713
2021-12-09,dolnośląskie,Lwówecki,212,0.8772122195662186,5.15,9.033092830983136,2021-12-09,4.5599,3.962857142857143,4.65,5.025714285714286,4.838571428571429,5.494285714285715,5.37,5.994285714285715,5.275714285714286,4.714285714285714,5.057142857142857,4.964285714285714,5.058571428571428,5.182857142857143,4.994285714285715,5.15
2021-12-09,dolnośląskie,Milicki,213,0.5434782608695652,8.901428571428573,10.021739130434783,2021-12-09,3.68,6.191428571428571,6.268571428571428,5.997142857142856,6.422857142857143,6.422857142857143,5.92,5.92,5.377142857142857,6.035714285714286,6.152857142857143,6.422857142857143,6.191428571428571,6.23,7.314285714285714,8.901428571428573
2021-12-09,dolnośląskie,Oleśnicki,214,0.4661222358951411,6.961428571428571,11.646530186075996,2021-12-09,10.7268,4.538571428571428,5.018571428571428,5.444285714285714,5.231428571428572,5.337142857142857,5.617142857142857,5.67,5.484285714285714,5.935714285714286,5.695714285714287,6.121428571428571,6.228571428571428,6.468571428571429,6.561428571428571,6.961428571428571
2021-12-09,dolnośląskie,Oławski,215,1.1455803510058196,10.26142857142857,8.488750400953123,2021-12-09,4.3646,6.024285714285715,7.6985714285714275,7.902857142857142,6.805714285714286,7.6971428571428575,8.069999999999999,8.962857142857143,9.092857142857143,8.497142857142856,8.998571428571427,9.054285714285712,9.054285714285712,9.592857142857143,9.778571428571428,10.26142857142857
2021-12-09,dolnośląskie,Polkowicki,216,1.4286394590218583,6.4557142857142855,6.736828737876408,2021-12-09,6.2997,7.765714285714286,7.6971428571428575,8.104285714285714,7.945714285714286,7.538571428571428,7.765714285714286,7.902857142857142,8.288571428571428,8.107142857142858,7.994285714285714,7.609999999999999,7.678571428571429,7.407142857142857,7.225714285714285,6.4557142857142855
2021-12-09,dolnośląskie,Strzeliński,217,0.2313690104347423,6.275714285714286,8.225168320955092,2021-12-09,4.3221,3.8114285714285714,4.6,4.731428571428571,5.158571428571429,5.125714285714286,5.29,4.928571428571429,5.158571428571429,5.39,5.324285714285714,5.422857142857143,5.751428571428571,5.718571428571429,6.375714285714285,6.275714285714286
2021-12-09,dolnośląskie,Średzki,218,0.0,8.721428571428572,5.649636088491749,2021-12-09,5.5508,4.594285714285713,4.981428571428571,4.748571428571428,5.522857142857142,5.910000000000001,6.090000000000001,6.244285714285715,6.502857142857144,6.864285714285715,7.612857142857143,8.464285714285714,8.928571428571429,9.057142857142855,9.108571428571429,8.721428571428572
2021-12-09,dolnośląskie,Świdnicki,219,0.5127712078966766,4.515714285714286,8.593404480338428,2021-12-09,15.6015,2.3457142857142856,2.682857142857143,2.91,3.3028571428571434,3.312857142857144,3.414285714285715,3.414285714285714,3.8242857142857143,4.069999999999999,4.188571428571429,4.28,4.652857142857143,4.734285714285714,4.788571428571429,4.515714285714286
2021-12-09,dolnośląskie,Trzebnicki,220,0.352005256611832,6.171428571428572,7.342829652922817,2021-12-09,8.5226,4.3500000000000005,4.751428571428571,4.432857142857143,4.215714285714285,4.45,4.348571428571429,4.281428571428571,4.498571428571429,4.598571428571428,4.95,5.334285714285714,5.702857142857143,6.004285714285714,5.954285714285715,6.171428571428572
2021-12-09,dolnośląskie,Wałbrzyski,221,0.3629302992360317,3.1442857142857146,6.423866296477762,2021-12-09,5.5107,1.6228571428571428,1.855714285714286,2.0628571428571427,2.397142857142857,2.45,2.424285714285714,2.398571428571429,2.398571428571429,2.3728571428571428,2.5271428571428567,2.3728571428571428,2.501428571428572,2.6814285714285715,2.7328571428571427,3.1442857142857146
2021-12-09,dolnośląskie,Wołowski,222,0.4289728245715634,7.032857142857144,8.914055294597087,2021-12-09,4.6623,6.145714285714285,6.237142857142857,5.502857142857144,5.258571428571429,7.642857142857144,7.460000000000001,7.612857142857144,6.725714285714287,7.8257142857142865,8.438571428571429,8.498571428571429,7.031428571428571,6.9385714285714295,6.908571428571429,7.032857142857144
2021-12-09,dolnośląskie,Wrocławski,223,0.2558820895331431,10.758571428571427,7.3092718875142335,2021-12-09,15.6322,8.132857142857144,8.661428571428571,9.682857142857143,9.802857142857144,10.34142857142857,10.694285714285712,10.647142857142857,10.302857142857144,10.38714285714286,9.811428571428571,9.45857142857143,9.29142857142857,9.551428571428572,10.081428571428573,10.758571428571427
2021-12-09,dolnośląskie,Ząbkowicki,224,0.6242197253433208,6.822857142857144,10.759987515605491,2021-12-09,6.408,3.5900000000000003,4.188571428571428,4.254285714285714,5.074285714285714,5.185714285714285,4.631428571428572,4.741428571428571,4.674285714285714,4.054285714285714,5.072857142857144,4.562857142857143,5.847142857142856,5.869999999999999,6.114285714285714,6.822857142857144
2021-12-09,dolnośląskie,Zgorzelecki,225,1.2445409906546283,9.15857142857143,7.0293937953974615,2021-12-09,8.8386,4.441428571428571,5.07,5.728571428571429,5.938571428571429,6.485714285714287,6.711428571428572,6.792857142857144,7.307142857142857,7.097142857142857,7.612857142857144,7.130000000000001,7.581428571428573,7.757142857142859,8.561428571428573,9.15857142857143
2021-12-09,dolnośląskie,Złotoryjski,226,1.626469631488452,5.742857142857143,10.67893489474418,2021-12-09,4.3038,4.324285714285715,4.852857142857142,5.248571428571429,5.347142857142857,5.115714285714286,4.818571428571429,4.851428571428571,5.808571428571428,5.247142857142857,5.05,4.951428571428572,5.644285714285714,5.644285714285714,5.644285714285715,5.742857142857143
2021-12-09,dolnośląskie,Jelenia Góra,261,0.7659411501882939,5.15,16.424331397204316,2021-12-09,7.8335,3.41,3.4285714285714293,3.972857142857142,3.718571428571429,4.01,4.191428571428571,4.445714285714286,4.41,5.134285714285715,5.097142857142857,5.314285714285715,5.675714285714285,5.494285714285715,5.6571428571428575,5.15
2021-12-09,dolnośląskie,Legnica,262,2.438132390588809,8.882857142857143,11.01731073997318,2021-12-09,9.8436,6.172857142857143,5.854285714285714,5.811428571428571,5.782857142857142,6.589999999999999,6.547142857142858,6.7771428571428585,7.960000000000002,8.047142857142857,8.421428571428573,8.637142857142857,8.175714285714285,8.724285714285715,8.724285714285715,8.882857142857143
2021-12-09,dolnośląskie,Wrocław,264,0.7633254819855185,9.751428571428573,18.65567477972608,2021-12-09,64.1928,7.834285714285714,8.121428571428572,8.485714285714286,8.457142857142857,8.929999999999998,9.017142857142858,8.854285714285714,8.68857142857143,8.825714285714286,8.748571428571427,8.924285714285714,8.799999999999999,9.105714285714283,9.328571428571426,9.751428571428573
2021-12-09,dolnośląskie,Wałbrzych,265,0.6365314492002437,4.172857142857143,17.265460894235755,2021-12-09,10.9971,2.3885714285714283,2.35,2.6214285714285714,2.557142857142857,2.712857142857142,2.608571428571429,2.9842857142857144,2.9057142857142857,2.931428571428572,2.8542857142857145,3.2942857142857145,3.3200000000000003,3.7600000000000007,3.72,4.172857142857143
2021-12-09,kujawsko-pomorskie,Aleksandrowski,401,2.0039715071687527,3.972857142857143,15.2210744930863,2021-12-09,5.4891,3.8428571428571434,3.817142857142857,3.7914285714285714,4.077142857142857,4.362857142857143,4.414285714285714,4.285714285714286,4.597142857142857,4.571428571428571,4.545714285714285,4.337142857142857,3.948571428571429,4.208571428571429,4.181428571428572,3.972857142857143
2021-12-09,kujawsko-pomorskie,Brodnicki,402,2.151272414360376,5.561428571428571,9.41244954000734,2021-12-09,7.9023,3.988571428571429,4.674285714285714,5.144285714285714,5.288571428571428,5.288571428571428,5.307142857142857,5.524285714285715,5.434285714285714,5.398571428571429,5.254285714285714,5.452857142857143,5.542857142857143,5.507142857142858,5.651428571428572,5.561428571428571
2021-12-09,kujawsko-pomorskie,Bydgoski,403,0.4151720472963996,8.06,6.621994154377574,2021-12-09,12.0432,6.792857142857144,6.9471428571428575,7.127142857142857,7.198571428571428,7.307142857142858,7.474285714285715,7.522857142857143,7.248571428571429,6.734285714285716,6.710000000000001,6.852857142857142,7.282857142857142,6.971428571428571,7.114285714285714,8.06
2021-12-09,kujawsko-pomorskie,Chełmiński,404,0.7743384246084751,4.685714285714285,10.993669783378824,2021-12-09,5.1657,4.217142857142858,4.41,4.741428571428571,4.631428571428572,4.851428571428571,4.714285714285714,5.2371428571428575,4.795714285714287,5.154285714285714,4.878571428571429,4.795714285714285,4.878571428571428,4.767142857142857,5.208571428571427,4.685714285714285
2021-12-09,kujawsko-pomorskie,Golubsko-Dobrzyński,405,1.1147029316687105,3.145714285714285,4.367406086278007,2021-12-09,4.4855,4.194285714285715,4.098571428571428,4.257142857142857,3.875714285714285,3.8428571428571434,3.588571428571428,3.715714285714285,3.8742857142857146,3.938571428571428,3.8114285714285714,4.001428571428571,3.97,3.875714285714286,3.7485714285714287,3.145714285714285
2021-12-09,kujawsko-pomorskie,Grudziądzki,406,1.7367572261506017,6.785714285714286,4.947277012777571,2021-12-09,4.0305,3.98,4.477142857142857,4.477142857142857,4.725714285714285,5.294285714285714,5.117142857142857,5.365714285714285,5.614285714285714,6.147142857142858,6.501428571428571,7.105714285714286,7.461428571428572,7.531428571428571,7.638571428571429,6.785714285714286
2021-12-09,kujawsko-pomorskie,Inowrocławski,407,1.0094891984655765,5.46,7.224788007268322,2021-12-09,15.8496,3.855714285714286,4.367142857142857,4.707142857142857,4.788571428571429,4.744285714285715,4.895714285714285,5.191428571428571,5.111428571428571,5.174285714285714,4.95,4.904285714285714,5.325714285714286,5.254285714285714,5.371428571428572,5.46
2021-12-09,kujawsko-pomorskie,Lipnowski,408,1.2223071046600458,3.8542857142857145,7.173414820473644,2021-12-09,6.545,4.878571428571427,4.529999999999999,4.965714285714285,4.921428571428571,5.227142857142858,5.314285714285714,4.987142857142857,5.312857142857142,5.814285714285715,5.182857142857143,5.182857142857143,5.13857142857143,4.877142857142857,4.79,3.8542857142857145
2021-12-09,kujawsko-pomorskie,Mogileński,409,0.8794688008442901,4.802857142857143,9.39492546501913,2021-12-09,4.5482,4.238571428571428,3.641428571428572,3.5157142857142856,3.798571428571429,3.3285714285714287,3.674285714285714,3.735714285714285,3.704285714285714,4.552857142857143,5.18,4.364285714285714,5.431428571428572,5.117142857142857,4.961428571428571,4.802857142857143
2021-12-09,kujawsko-pomorskie,Nakielski,410,0.6967103658890604,6.112857142857143,10.014050325712097,2021-12-09,8.6119,4.854285714285714,3.992857142857143,4.605714285714286,4.671428571428572,4.869999999999999,5.051428571428572,5.747142857142857,5.018571428571429,6.542857142857144,6.012857142857143,5.962857142857144,6.145714285714285,6.112857142857143,5.881428571428571,6.112857142857143
2021-12-09,kujawsko-pomorskie,Radziejowski,411,2.498438475952529,6.109999999999999,6.803247970018737,2021-12-09,4.0025,3.9071428571428575,4.759999999999999,4.937142857142857,5.221428571428571,5.648571428571429,5.614285714285714,5.79142857142857,5.614285714285714,5.152857142857143,5.045714285714285,5.258571428571429,5.329999999999999,5.364285714285714,5.684285714285715,6.109999999999999
2021-12-09,kujawsko-pomorskie,Rypiński,412,0.9218713989398478,3.4900000000000007,9.56211108550357,2021-12-09,4.339,4.210000000000001,3.848571428571429,3.651428571428572,2.8628571428571434,2.895714285714285,3.2571428571428576,2.7300000000000004,3.1585714285714284,3.125714285714285,3.191428571428571,3.4542857142857133,3.817142857142857,3.455714285714286,3.687142857142857,3.4900000000000007
2021-12-09,kujawsko-pomorskie,Sępoleński,413,1.469651692548866,8.587142857142858,11.113016215157009,2021-12-09,4.0826,5.514285714285714,5.582857142857143,5.408571428571428,5.688571428571429,6.631428571428572,7.12,6.631428571428572,6.771428571428572,8.867142857142857,8.971428571428572,9.285714285714286,9.565714285714284,8.867142857142857,9.321428571428571,8.587142857142858
2021-12-09,kujawsko-pomorskie,Świecki,414,2.2289089490694303,6.73,8.069663536062734,2021-12-09,9.8703,4.952857142857143,4.895714285714286,5.285714285714286,5.184285714285714,5.212857142857144,5.328571428571428,5.168571428571428,5.312857142857142,5.384285714285714,5.284285714285715,5.688571428571428,5.948571428571428,5.688571428571429,5.92,6.73
2021-12-09,kujawsko-pomorskie,Toruński,415,0.6388901565280883,6.781428571428571,4.851914388719025,2021-12-09,10.9565,7.238571428571428,7.434285714285714,7.105714285714286,6.988571428571428,6.962857142857144,6.857142857142857,6.424285714285714,6.451428571428572,6.347142857142858,6.478571428571429,6.635714285714286,6.648571428571429,6.675714285714285,7.135714285714286,6.781428571428571
2021-12-09,kujawsko-pomorskie,Tucholski,416,1.4486155374363645,7.41857142857143,5.900004138901536,2021-12-09,4.8322,4.847142857142857,5.172857142857143,4.905714285714287,5.054285714285714,5.319999999999999,5.645714285714286,6.295714285714285,6.738571428571428,6.531428571428572,7.271428571428571,7.299999999999999,6.975714285714285,6.768571428571428,6.532857142857142,7.41857142857143
2021-12-09,kujawsko-pomorskie,Wąbrzeski,417,1.4688601645123385,4.567142857142858,6.736192714453584,2021-12-09,3.404,5.318571428571429,4.481428571428571,4.691428571428572,4.272857142857143,4.314285714285714,4.271428571428571,3.935714285714286,4.6485714285714295,4.858571428571429,4.524285714285715,4.691428571428572,4.691428571428571,4.734285714285714,4.441428571428572,4.567142857142858
2021-12-09,kujawsko-pomorskie,Włocławski,418,1.984914648670107,5.57,6.202274478668006,2021-12-09,8.5646,5.105714285714286,5.272857142857142,5.588571428571428,5.422857142857143,5.472857142857143,5.572857142857144,5.522857142857143,5.257142857142857,5.590000000000001,5.472857142857142,6.337142857142858,6.252857142857144,6.152857142857144,6.170000000000001,5.57
2021-12-09,kujawsko-pomorskie,Żniński,419,2.1463526314283263,4.994285714285715,5.217067796125118,2021-12-09,6.9886,5.7700000000000005,5.972857142857143,5.972857142857143,6.1571428571428575,5.687142857142858,6.339999999999999,5.647142857142858,5.075714285714286,4.954285714285715,4.688571428571429,4.321428571428571,4.648571428571429,4.281428571428572,4.402857142857143,4.994285714285715
2021-12-09,kujawsko-pomorskie,Bydgoszcz,461,1.3077935778616705,6.410000000000001,18.346018931038596,2021-12-09,34.4091,5.871428571428572,6.204285714285716,6.442857142857144,6.4871428571428575,6.537142857142858,6.677142857142856,6.648571428571429,6.842857142857143,6.6742857142857135,6.807142857142857,6.675714285714286,6.671428571428572,6.51,6.661428571428571,6.410000000000001
2021-12-09,kujawsko-pomorskie,Grudziądz,462,1.2825445684237526,6.8185714285714285,14.406181864819802,2021-12-09,9.3564,4.887142857142857,5.372857142857143,5.251428571428571,5.175714285714286,5.6171428571428565,5.905714285714285,6.088571428571428,6.028571428571428,6.241428571428571,6.378571428571428,6.742857142857143,6.985714285714286,6.607142857142857,6.667142857142857,6.8185714285714285
2021-12-09,kujawsko-pomorskie,Toruń,463,1.3090784591139553,5.961428571428571,18.000835796246974,2021-12-09,19.8613,6.825714285714285,6.711428571428571,6.469999999999999,6.5200000000000005,6.74142857142857,6.862857142857144,6.842857142857143,6.991428571428572,7.07,6.6014285714285705,6.658571428571428,6.615714285714285,6.488571428571428,6.417142857142856,5.961428571428571
2021-12-09,kujawsko-pomorskie,Włocławek,464,4.237249104190271,6.508571428571429,12.991774209891211,2021-12-09,10.8561,8.335714285714285,8.387142857142859,8.361428571428572,7.838571428571428,7.942857142857142,7.981428571428571,7.46,6.99,7.225714285714285,6.7942857142857145,7.108571428571429,7.161428571428571,6.861428571428571,7.227142857142857,6.508571428571429
2021-12-09,lubelskie,Bialski,601,2.0917077429564017,2.6385714285714283,5.821313592462578,2021-12-09,10.9958,4.332857142857143,3.88,4.008571428571428,3.878571428571429,3.878571428571429,3.735714285714286,3.697142857142857,3.658571428571429,3.27,3.335714285714286,3.3614285714285708,3.1157142857142857,3.1942857142857144,3.115714285714286,2.6385714285714283
2021-12-09,lubelskie,Biłgorajski,602,2.491702630241297,2.684285714285714,6.871119173153399,2021-12-09,10.0333,3.494285714285714,3.92,3.664285714285714,3.734285714285714,3.7914285714285714,3.847142857142857,3.407142857142857,3.875714285714285,3.251428571428572,3.521428571428572,3.422857142857143,3.1957142857142857,3.14,2.954285714285714,2.684285714285714
2021-12-09,lubelskie,Chełmski,603,2.451549637428712,3.82,4.823101339320275,2021-12-09,7.7502,7.202857142857143,7.037142857142856,6.431428571428571,6.064285714285714,6.119999999999999,6.174285714285714,5.7700000000000005,5.384285714285714,4.797142857142857,4.612857142857143,4.814285714285714,4.391428571428572,4.281428571428572,4.152857142857143,3.82
2021-12-09,lubelskie,Hrubieszowski,604,1.290135302939896,4.662857142857143,7.537615507426342,2021-12-09,6.2009,7.590000000000001,7.544285714285714,7.04142857142857,6.355714285714285,6.058571428571429,6.264285714285714,5.737142857142857,5.508571428571429,5.577142857142857,5.257142857142857,5.737142857142857,5.874285714285714,5.645714285714286,5.462857142857144,4.662857142857143
2021-12-09,lubelskie,Janowski,605,1.9937087413052148,1.8228571428571432,5.721944087545966,2021-12-09,4.5142,3.0157142857142856,3.422857142857143,3.1714285714285717,3.36,3.0771428571428574,3.108571428571428,2.638571428571429,2.6700000000000004,1.98,2.137142857142857,2.042857142857143,2.0428571428571427,2.011428571428572,2.0742857142857143,1.8228571428571432
2021-12-09,lubelskie,Krasnostawski,606,3.9966747665941935,3.5628571428571427,7.558511318582939,2021-12-09,6.2552,6.15,6.127142857142857,5.9,5.628571428571429,5.015714285714287,5.332857142857144,5.0600000000000005,4.878571428571428,4.244285714285715,4.221428571428571,4.175714285714285,4.492857142857142,4.130000000000001,4.038571428571429,3.5628571428571427
2021-12-09,lubelskie,Kraśnicki,607,2.0099226708698734,2.6900000000000004,7.583755593403223,2021-12-09,9.4531,3.4571428571428577,3.3514285714285714,3.187142857142857,3.3228571428571425,3.2628571428571425,3.067142857142857,2.6914285714285717,2.541428571428572,2.315714285714286,2.345714285714286,2.405714285714286,2.45,2.4657142857142857,2.525714285714286,2.6900000000000004
2021-12-09,lubelskie,Lubartowski,608,2.3904382470119523,2.6914285714285717,5.822424587364827,2021-12-09,8.785,6.707142857142857,5.217142857142858,5.217142857142858,4.632857142857143,4.5200000000000005,4.422857142857143,4.114285714285715,3.71,3.5157142857142856,3.2571428571428576,3.305714285714285,3.0471428571428567,3.014285714285714,2.9828571428571427,2.6914285714285717
2021-12-09,lubelskie,Lubelski,609,1.2141118133079434,4.607142857142857,5.625171732920961,2021-12-09,15.6493,7.757142857142857,7.501428571428571,7.464285714285715,7.217142857142859,7.235714285714287,6.997142857142857,6.7871428571428565,6.641428571428572,6.027142857142857,5.991428571428571,5.67,5.385714285714286,5.377142857142857,4.937142857142858,4.607142857142857
2021-12-09,lubelskie,Łęczyński,610,2.272012303820476,3.4914285714285715,5.823342304869097,2021-12-09,5.7218,6.732857142857143,6.3585714285714285,5.96,5.385714285714286,4.887142857142857,4.687142857142858,4.537142857142857,4.611428571428571,3.888571428571428,3.912857142857143,4.012857142857143,4.187142857142858,4.162857142857143,3.964285714285715,3.4914285714285715
2021-12-09,lubelskie,Łukowski,611,1.9771591048176775,2.318571428571428,5.354335156713397,2021-12-09,10.6213,4.301428571428572,4.314285714285715,4.154285714285715,3.994285714285714,4.101428571428571,3.994285714285714,3.86,3.7257142857142855,3.471428571428571,3.282857142857143,2.9614285714285717,2.64,2.64,2.5328571428571425,2.318571428571428
2021-12-09,lubelskie,Opolski,612,1.8737437399925048,2.567142857142857,7.917419003168331,2021-12-09,5.8706,4.29,3.7085714285714286,3.951428571428572,4.267142857142857,4.267142857142857,4.097142857142857,3.708571428571429,3.781428571428571,3.49,3.295714285714286,2.955714285714285,3.027142857142857,3.124285714285714,3.0271428571428567,2.567142857142857
2021-12-09,lubelskie,Parczewski,613,1.7456068893285233,2.4785714285714286,9.013150238566276,2021-12-09,3.4372,3.6357142857142857,3.264285714285714,3.841428571428571,3.9657142857142857,3.9657142857142857,4.047142857142857,4.46,4.335714285714285,3.84,3.3042857142857143,3.3857142857142857,3.0971428571428565,2.932857142857143,2.6028571428571428,2.4785714285714286
2021-12-09,lubelskie,Puławski,614,2.936361047835991,4.014285714285714,9.444404897494303,2021-12-09,11.2384,7.088571428571428,7.062857142857142,7.05,7.151428571428572,7.265714285714287,7.075714285714285,6.645714285714286,6.557142857142858,5.861428571428571,5.494285714285715,4.988571428571428,4.634285714285714,4.444285714285714,4.267142857142857,4.014285714285714
2021-12-09,lubelskie,Radzyński,615,2.744519537548458,1.7542857142857142,5.655425572060791,2021-12-09,5.8298,3.608571428571428,3.4857142857142853,3.461428571428571,2.974285714285714,3.12,3.1928571428571426,2.8271428571428574,2.9,2.8028571428571425,2.705714285714285,2.8271428571428565,2.4857142857142853,2.29,2.12,1.7542857142857142
2021-12-09,lubelskie,Rycki,616,2.701242571582928,3.66,8.107329371510895,2021-12-09,5.553,6.037142857142856,5.987142857142857,6.421428571428572,6.702857142857143,6.1657142857142855,6.0371428571428565,6.140000000000001,5.654285714285714,5.014285714285713,4.528571428571429,4.0685714285714285,4.171428571428572,4.07,3.762857142857143,3.66
2021-12-09,lubelskie,Świdnicki,617,3.079852167095979,5.117142857142857,10.397300929555382,2021-12-09,7.1432,7.387142857142857,6.7700000000000005,6.970000000000001,6.791428571428571,6.552857142857143,6.752857142857143,6.752857142857143,6.434285714285715,6.474285714285714,6.214285714285714,6.352857142857142,6.332857142857143,6.192857142857142,6.172857142857143,5.117142857142857
2021-12-09,lubelskie,Tomaszowski,618,2.928829444498682,3.9042857142857135,6.140779068632237,2021-12-09,8.1944,6.507142857142858,6.177142857142857,5.465714285714285,5.361428571428571,5.014285714285714,4.841428571428572,4.754285714285714,4.65,4.598571428571428,4.771428571428572,4.7371428571428575,4.59857142857143,4.615714285714286,4.147142857142858,3.9042857142857135
2021-12-09,lubelskie,Włodawski,619,2.632340940798652,2.954285714285714,8.607754876411592,2021-12-09,3.7989,4.898571428571429,6.095714285714285,5.795714285714285,5.9071428571428575,5.720000000000001,5.271428571428572,5.008571428571429,5.12,3.4,3.737142857142857,3.177142857142857,3.1028571428571428,2.8042857142857143,2.9171428571428573,2.954285714285714
2021-12-09,lubelskie,Zamojski,620,2.467870227993242,3.12,5.341040681891529,2021-12-09,10.5354,6.1571428571428575,5.644285714285714,5.591428571428572,5.524285714285715,5.388571428571429,5.265714285714286,4.711428571428571,4.427142857142856,4.467142857142858,4.264285714285714,4.074285714285715,3.872857142857143,3.914285714285714,3.5371428571428574,3.12
2021-12-09,lubelskie,Biała Podlaska,661,2.8098767166590566,2.998571428571428,13.843911348389588,2021-12-09,5.6942,5.942857142857143,5.2942857142857145,4.995714285714286,4.771428571428571,4.871428571428571,5.095714285714286,4.721428571428571,4.771428571428571,4.147142857142858,3.997142857142857,3.997142857142857,3.621428571428571,3.397142857142857,3.447142857142857,2.998571428571428
2021-12-09,lubelskie,Chełm,662,2.944303590414656,4.221428571428571,12.13216651672528,2021-12-09,6.1135,8.234285714285715,7.792857142857144,7.074285714285716,6.564285714285715,6.517142857142858,6.448571428571428,5.868571428571428,5.474285714285714,5.312857142857142,5.428571428571429,5.428571428571428,5.267142857142857,5.15,4.894285714285714,4.221428571428571
2021-12-09,lubelskie,Lublin,663,2.126490758625578,4.977142857142858,17.48595630061491,2021-12-09,33.8586,9.084285714285716,8.952857142857143,8.494285714285713,8.377142857142857,8.188571428571429,7.977142857142858,7.58142857142857,7.181428571428571,6.538571428571429,6.218571428571429,6.008571428571428,5.792857142857143,5.717142857142856,5.3100000000000005,4.977142857142858
2021-12-09,lubelskie,Zamość,664,2.866926813729394,3.275714285714286,16.683921318786336,2021-12-09,6.2785,6.935714285714286,7.117142857142858,6.665714285714286,6.258571428571428,6.032857142857142,5.852857142857142,5.107142857142857,5.04,4.542857142857143,4.542857142857143,4.2942857142857145,3.8871428571428575,3.977142857142857,3.841428571428572,3.275714285714286
2021-12-09,lubuskie,Gorzowski,801,0.5533192236931291,7.038571428571428,5.158318462879197,2021-12-09,7.2291,5.155714285714287,4.68,5.512857142857143,5.432857142857143,5.532857142857142,5.532857142857142,5.57142857142857,5.531428571428571,5.788571428571428,5.65,5.591428571428572,5.71,6.125714285714285,6.442857142857142,7.038571428571428
2021-12-09,lubuskie,Krośnieński,802,1.6484120297446792,6.604285714285715,10.25861753177772,2021-12-09,5.4598,3.865714285714286,4.152857142857143,4.622857142857143,5.222857142857143,4.7,5.431428571428571,5.614285714285714,5.431428571428571,5.352857142857142,5.142857142857143,4.777142857142857,5.012857142857143,5.091428571428572,6.031428571428571,6.604285714285715
2021-12-09,lubuskie,Międzyrzecki,803,0.3502626970227671,9.585714285714284,12.586690017513137,2021-12-09,5.71,4.305714285714286,5.251428571428571,5.525714285714287,6.048571428571428,7.094285714285713,6.471428571428571,5.972857142857143,6.92,7.444285714285714,7.668571428571428,6.847142857142858,7.071428571428572,7.718571428571429,8.092857142857142,9.585714285714284
2021-12-09,lubuskie,Nowosolski,804,1.2830532000513222,6.844285714285715,13.381078464535245,2021-12-09,8.5733,3.407142857142857,3.505714285714285,3.638571428571428,3.8542857142857136,4.218571428571428,4.185714285714285,4.451428571428571,4.982857142857143,5.448571428571428,5.781428571428571,6.312857142857143,6.628571428571429,6.844285714285713,6.811428571428571,6.844285714285715
2021-12-09,lubuskie,Słubicki,805,0.6390593047034765,9.961428571428572,8.571915473755965,2021-12-09,4.6944,6.3357142857142845,6.365714285714286,7.554285714285713,7.979999999999999,10.142857142857142,9.96,9.594285714285714,10.051428571428572,9.96,9.32,9.564285714285711,8.68142857142857,9.198571428571428,9.381428571428572,9.961428571428572
2021-12-09,lubuskie,Strzelecko-Drezdenecki,806,1.8510520145616087,5.147142857142858,12.07297258386294,2021-12-09,4.8621,3.6842857142857146,3.597142857142857,4.24,4.415714285714286,4.474285714285715,4.562857142857143,4.855714285714286,5.0600000000000005,5.322857142857143,5.088571428571429,5.177142857142857,5.47,5.587142857142857,5.118571428571428,5.147142857142858
2021-12-09,lubuskie,Sulęciński,807,2.0,10.62,9.254285714285714,2021-12-09,3.5,5.777142857142857,6.062857142857142,6.754285714285714,5.858571428571429,7.65,7.527142857142858,7.404285714285714,8.624285714285714,8.461428571428572,8.86857142857143,8.787142857142857,8.664285714285715,9.397142857142857,9.601428571428572,10.62
2021-12-09,lubuskie,Świebodziński,808,0.5403458213256485,7.132857142857144,9.36599423631124,2021-12-09,5.552,4.875714285714286,4.721428571428571,5.4642857142857135,5.258571428571428,6.515714285714287,6.412857142857143,6.258571428571429,6.258571428571429,6.721428571428571,6.388571428571429,6.62,6.158571428571428,6.004285714285714,6.285714285714286,7.132857142857144
2021-12-09,lubuskie,Zielonogórski,809,0.5285901180077438,5.174285714285714,11.544408177289126,2021-12-09,7.5673,4.587142857142857,4.4557142857142855,4.89,4.947142857142857,5.211428571428571,5.2871428571428565,5.325714285714287,5.78,6.345714285714286,6.232857142857143,6.118571428571428,6.061428571428571,5.872857142857143,5.967142857142856,5.174285714285714
2021-12-09,lubuskie,Żagański,810,1.535547934688028,6.249999999999999,11.192864820596816,2021-12-09,7.8148,4.178571428571428,4.215714285714285,4.542857142857143,4.887142857142857,4.905714285714287,5.2700000000000005,5.1242857142857146,5.251428571428571,5.032857142857142,5.468571428571429,5.160000000000001,5.359999999999999,5.887142857142856,5.832857142857143,6.249999999999999
2021-12-09,lubuskie,Żarski,811,1.7815411378808046,7.977142857142858,10.834914014440963,2021-12-09,9.5423,5.637142857142858,5.934285714285715,5.934285714285714,6.441428571428571,6.635714285714286,6.994285714285714,6.725714285714285,6.651428571428572,6.1000000000000005,7.35142857142857,6.844285714285713,7.172857142857144,7.187142857142858,7.560000000000001,7.977142857142858
2021-12-09,lubuskie,Wschowski,812,0.5179602724471033,4.788571428571428,6.575505658715977,2021-12-09,3.8613,3.02,3.1299999999999994,3.3885714285714283,3.904285714285714,4.051428571428571,4.051428571428572,4.3100000000000005,4.384285714285714,4.641428571428572,4.935714285714285,4.825714285714286,4.641428571428572,4.751428571428571,4.492857142857143,4.788571428571428
2021-12-09,lubuskie,Gorzów Wielkopolski,861,1.305174199969002,6.95,16.57897527510625,2021-12-09,12.2589,4.8185714285714285,4.702857142857143,5.258571428571429,5.478571428571429,5.408571428571428,5.558571428571429,5.674285714285714,5.721428571428572,5.929999999999999,6.195714285714287,5.941428571428572,5.895714285714285,6.162857142857144,6.407142857142857,6.95
2021-12-09,lubuskie,Zielona Góra,862,1.135621610879255,6.22,15.996649916247906,2021-12-09,14.0892,4.9557142857142855,4.834285714285714,5.501428571428572,5.764285714285713,5.987142857142857,5.824285714285714,6.137142857142856,6.187142857142857,6.258571428571429,6.238571428571428,5.997142857142856,5.542857142857143,5.522857142857142,5.937142857142857,6.22
2021-12-09,łódzkie,Bełchatowski,1001,1.1561413338313633,5.1971428571428575,7.384185765232161,2021-12-09,11.2443,3.065714285714286,3.4214285714285717,2.914285714285714,3.7642857142857142,3.928571428571429,4.067142857142857,4.524285714285714,4.588571428571428,4.664285714285714,4.372857142857143,4.575714285714286,4.69,4.804285714285714,4.905714285714285,5.1971428571428575
2021-12-09,łódzkie,Kutnowski,1002,1.2563340173374091,4.831428571428573,11.541521839273,2021-12-09,9.5516,5.411428571428572,5.857142857142857,5.4557142857142855,5.648571428571429,5.871428571428572,5.588571428571429,6.272857142857142,5.945714285714287,5.172857142857142,5.395714285714285,4.95,5.024285714285715,5.128571428571428,4.934285714285714,4.831428571428573
2021-12-09,łódzkie,Łaski,1003,0.804246421103426,4.072857142857143,6.013752613800869,2021-12-09,4.9736,3.642857142857143,3.9585714285714286,4.302857142857143,4.245714285714286,4.648571428571429,4.562857142857143,4.764285714285714,3.387142857142857,4.19,3.758571428571429,3.987142857142857,4.187142857142857,4.071428571428571,4.128571428571428,4.072857142857143
2021-12-09,łódzkie,Łęczycki,1004,2.231871119587713,4.785714285714286,10.363997889867305,2021-12-09,4.9286,5.851428571428571,5.822857142857144,5.967142857142858,6.025714285714286,6.141428571428572,6.198571428571428,6.428571428571429,6.658571428571428,5.821428571428572,5.735714285714287,5.4471428571428575,5.274285714285715,5.101428571428571,5.13,4.785714285714286
2021-12-09,łódzkie,Łowicki,1005,1.417270080140181,5.121428571428571,10.50068286649316,2021-12-09,7.7614,4.661428571428573,5.047142857142858,5.212857142857144,5.7457142857142856,6.15,6.131428571428572,6.04,5.855714285714285,5.671428571428572,5.708571428571429,5.322857142857144,5.01,5.028571428571429,5.1571428571428575,5.121428571428571
2021-12-09,łódzkie,Łódzki Wschodni,1006,0.5512299317852959,5.327142857142858,7.401639909047061,2021-12-09,7.2565,6.65142857142857,6.157142857142857,6.09857142857143,6.788571428571428,6.551428571428572,6.511428571428572,6.155714285714285,5.898571428571429,6.095714285714286,5.661428571428572,5.345714285714286,5.207142857142857,5.1085714285714285,5.325714285714286,5.327142857142858
2021-12-09,łódzkie,Opoczyński,1007,0.7944494465335523,2.091428571428572,6.864043218049892,2021-12-09,7.5524,2.3357142857142854,2.241428571428571,2.11,2.128571428571429,2.128571428571429,2.11,1.8085714285714285,1.6585714285714288,2.091428571428572,2.165714285714286,2.071428571428572,2.128571428571429,2.0728571428571425,2.2985714285714285,2.091428571428572
2021-12-09,łódzkie,Pabianicki,1008,2.1859577437553077,7.021428571428572,12.808871625427733,2021-12-09,11.8941,7.715714285714285,8.627142857142855,8.35142857142857,7.81142857142857,7.931428571428571,7.884285714285714,7.5,7.272857142857143,6.805714285714286,7.128571428571428,7.572857142857144,7.332857142857144,7.2371428571428575,7.37,7.021428571428572
2021-12-09,łódzkie,Pajęczański,1009,2.158894645941278,4.924285714285714,3.982179306013503,2021-12-09,5.0952,3.1585714285714284,3.605714285714285,3.522857142857144,3.998571428571428,4.445714285714286,4.698571428571428,4.502857142857143,4.922857142857143,5.202857142857143,5.538571428571428,5.482857142857142,4.811428571428571,4.755714285714285,4.784285714285714,4.924285714285714
2021-12-09,łódzkie,Piotrkowski,1010,1.3156740636786248,3.518571428571429,4.228795719673713,2021-12-09,9.1208,3.361428571428572,3.471428571428571,3.55,3.941428571428571,3.9257142857142857,4.0200000000000005,4.362857142857143,4.158571428571429,4.19,4.08,3.767142857142857,3.674285714285714,3.5500000000000003,3.55,3.518571428571429
2021-12-09,łódzkie,Poddębicki,1011,1.466777489854789,5.048571428571428,7.976824915660294,2021-12-09,4.0906,4.178571428571429,3.69,4.107142857142857,3.62,3.898571428571429,3.898571428571429,3.83,3.69,3.9,4.144285714285715,4.178571428571429,4.4557142857142855,4.142857142857143,4.7,5.048571428571428
2021-12-09,łódzkie,Radomszczański,1012,1.8801031370863768,4.19,7.507878527431599,2021-12-09,11.1696,2.8514285714285714,2.9785714285714286,2.9414285714285717,2.9914285714285715,3.1957142857142857,3.3600000000000003,3.398571428571429,3.437142857142857,3.45,3.755714285714286,3.96,4.125714285714286,4.075714285714287,4.381428571428572,4.19
2021-12-09,łódzkie,Rawski,1013,2.066756226103131,4.594285714285715,4.484861010643795,2021-12-09,4.8385,4.417142857142857,4.8,4.122857142857143,4.3585714285714285,4.2700000000000005,4.241428571428572,4.388571428571429,4.211428571428572,4.005714285714285,4.417142857142856,4.3585714285714285,4.447142857142857,4.447142857142857,4.388571428571429,4.594285714285715
2021-12-09,łódzkie,Sieradzki,1014,0.8553002959339023,4.855714285714286,8.125352811372073,2021-12-09,11.6918,3.3242857142857143,3.2142857142857144,3.518571428571429,3.8114285714285714,3.811428571428571,3.701428571428571,3.652857142857143,3.834285714285714,3.882857142857143,4.004285714285714,3.9071428571428575,4.04,4.295714285714285,4.6000000000000005,4.855714285714286
2021-12-09,łódzkie,Skierniewicki,1015,0.2619652634060723,6.177142857142856,3.1776386451156577,2021-12-09,3.8173,4.38,4.38,4.231428571428571,4.4557142857142855,4.5685714285714285,4.642857142857143,4.38,4.754285714285714,4.941428571428572,5.352857142857142,5.4642857142857135,5.277142857142857,5.727142857142858,6.512857142857143,6.177142857142856
2021-12-09,łódzkie,Tomaszowski,1016,1.9872985700090728,3.972857142857143,9.36708860759494,2021-12-09,11.5735,3.7028571428571433,3.9985714285714287,3.937142857142857,4.145714285714286,4.257142857142857,4.355714285714286,4.305714285714286,4.01,4.402857142857143,4.390000000000001,4.2057142857142855,4.192857142857143,4.2785714285714285,4.181428571428571,3.972857142857143
2021-12-09,łódzkie,Wieluński,1017,0.3961128129291222,5.5,8.435882539347206,2021-12-09,7.5736,2.9285714285714284,3.961428571428571,4.017142857142857,3.961428571428571,4.148571428571429,3.998571428571428,3.661428571428572,3.755714285714286,4.0,4.262857142857143,4.675714285714286,4.168571428571428,4.355714285714286,4.430000000000001,5.5
2021-12-09,łódzkie,Wieruszowski,1018,1.1909298780487805,3.7028571428571424,8.672351371951219,2021-12-09,4.1984,2.2085714285714286,2.751428571428572,3.2271428571428564,3.1928571428571426,3.3285714285714287,3.158571428571429,2.988571428571429,3.1242857142857146,2.4442857142857144,2.205714285714285,2.3085714285714283,2.478571428571428,2.478571428571428,2.6142857142857143,3.7028571428571424
2021-12-09,łódzkie,Zduńskowolski,1019,0.6054734802615646,5.002857142857144,7.4881932671349,2021-12-09,6.6064,3.601428571428572,3.7085714285714286,3.6657142857142864,3.4285714285714293,3.6657142857142864,3.385714285714286,4.141428571428572,2.932857142857143,3.752857142857143,4.032857142857143,3.752857142857143,4.615714285714285,4.55,4.808571428571429,5.002857142857144
2021-12-09,łódzkie,Zgierski,1020,1.38679529695508,6.88,9.588182092252037,2021-12-09,16.585,6.104285714285715,6.328571428571429,6.542857142857144,6.662857142857143,7.11,6.861428571428571,6.741428571428571,7.058571428571428,6.954285714285715,7.289999999999999,6.904285714285714,6.8185714285714285,6.972857142857142,7.659999999999999,6.88
2021-12-09,łódzkie,Brzeziński,1021,1.631427825632994,5.147142857142858,9.625424171234664,2021-12-09,3.0648,5.845714285714286,5.707142857142856,5.845714285714286,5.985714285714286,5.8,5.94,5.382857142857143,5.985714285714287,6.031428571428572,5.15,5.474285714285713,5.241428571428572,5.287142857142858,5.982857142857143,5.147142857142858
2021-12-09,łódzkie,Łódź,1061,1.7257153908522207,7.015714285714287,16.878537902511955,2021-12-09,67.2185,6.964285714285714,6.804285714285714,6.714285714285714,6.977142857142857,7.114285714285714,7.1885714285714295,7.045714285714285,6.877142857142857,7.001428571428571,7.071428571428572,6.788571428571429,6.935714285714286,6.934285714285715,6.984285714285714,7.015714285714287
2021-12-09,łódzkie,Piotrków Trybunalski,1062,1.1072664359861593,3.238571428571429,12.503806228373705,2021-12-09,7.225,3.16,3.1014285714285714,3.081428571428572,3.0614285714285714,3.218571428571429,3.1214285714285714,3.5142857142857147,3.181428571428572,3.161428571428572,3.082857142857143,3.26,3.1228571428571428,3.044285714285714,3.0042857142857144,3.238571428571429
2021-12-09,łódzkie,Skierniewice,1063,1.0492078480747036,7.927142857142857,14.967999160633722,2021-12-09,4.7655,8.197142857142856,8.734285714285713,9.061428571428571,9.12,8.702857142857143,8.464285714285714,7.808571428571428,7.838571428571428,7.748571428571429,7.630000000000002,8.077142857142857,7.778571428571429,7.837142857142858,8.404285714285715,7.927142857142857
2021-12-09,małopolskie,Bocheński,1201,0.6545298138330201,5.018571428571429,5.924429857780023,2021-12-09,10.6947,4.737142857142857,5.285714285714286,4.658571428571428,4.885714285714286,5.232857142857142,5.258571428571429,5.018571428571429,5.5,6.1000000000000005,6.032857142857144,6.272857142857143,5.992857142857143,6.1000000000000005,5.698571428571429,5.018571428571429
2021-12-09,małopolskie,Brzeski,1202,2.042242166926425,3.8357142857142863,6.587843284785296,2021-12-09,9.3035,3.7285714285714286,4.25,4.587142857142857,4.541428571428571,4.71,4.464285714285714,4.325714285714287,4.494285714285715,4.432857142857143,4.31,4.08,4.278571428571429,4.371428571428572,4.157142857142857,3.8357142857142863
2021-12-09,małopolskie,Chrzanowski,1203,0.889507051364989,7.155714285714285,10.891609522577308,2021-12-09,12.3664,4.671428571428571,5.868571428571428,5.155714285714287,5.96,5.832857142857143,5.958571428571429,5.947142857142857,6.912857142857143,5.82,6.51,6.142857142857144,6.79857142857143,6.914285714285716,7.09857142857143,7.155714285714285
2021-12-09,małopolskie,Dąbrowski,1204,1.5260186174271324,5.095714285714286,5.249504043949336,2021-12-09,5.8977,4.324285714285714,4.3,4.444285714285714,4.444285714285714,4.275714285714286,4.227142857142857,3.937142857142857,4.13,4.081428571428572,4.032857142857143,4.202857142857143,4.347142857142858,4.395714285714286,4.347142857142857,5.095714285714286
2021-12-09,małopolskie,Gorlicki,1205,2.94966217150442,3.754285714285714,7.353876501331958,2021-12-09,10.8487,4.372857142857143,4.372857142857142,4.385714285714285,4.307142857142857,4.228571428571429,4.162857142857143,4.15,4.164285714285716,4.1242857142857146,4.018571428571429,4.228571428571429,4.175714285714286,4.201428571428572,4.017142857142858,3.754285714285714
2021-12-09,małopolskie,Krakowski,1206,0.6395679363274588,7.265714285714287,6.051378624218306,2021-12-09,28.144,5.752857142857144,6.170000000000001,6.44,6.872857142857143,6.751428571428571,6.6742857142857135,6.662857142857143,6.581428571428573,6.565714285714287,6.831428571428572,6.760000000000001,6.988571428571428,7.039999999999999,7.0,7.265714285714287
2021-12-09,małopolskie,Limanowski,1207,1.8918182643702517,4.221428571428572,4.579713654387505,2021-12-09,13.2148,4.167142857142857,4.3185714285714285,4.859999999999999,5.098571428571428,5.337142857142856,5.434285714285713,5.595714285714286,5.228571428571429,5.791428571428573,5.25,5.0442857142857145,4.751428571428571,4.805714285714286,4.795714285714285,4.221428571428572
2021-12-09,małopolskie,Miechowski,1208,0.8253549026081215,4.637142857142857,9.30174975239353,2021-12-09,4.8464,2.5542857142857143,2.5828571428571427,2.5828571428571427,2.905714285714286,3.317142857142857,3.317142857142857,3.347142857142857,3.5528571428571425,3.758571428571428,3.962857142857143,4.1085714285714285,3.902857142857143,4.284285714285714,4.284285714285714,4.637142857142857
2021-12-09,małopolskie,Myślenicki,1209,1.7972681524083394,6.167142857142856,6.225580595755321,2021-12-09,12.7972,4.211428571428572,5.094285714285713,5.261428571428572,5.474285714285714,5.418571428571428,5.485714285714286,5.161428571428571,5.105714285714286,5.038571428571428,5.2957142857142845,5.652857142857142,5.842857142857143,5.6085714285714285,6.345714285714286,6.167142857142856
2021-12-09,małopolskie,Nowosądecki,1210,1.7045114271367432,3.3600000000000003,4.091748782656366,2021-12-09,21.7071,3.041428571428572,3.127142857142857,3.2657142857142856,3.357142857142857,3.455714285714286,3.422857142857143,3.495714285714286,3.6142857142857134,3.712857142857143,3.7,3.542857142857143,3.5228571428571427,3.5957142857142856,3.537142857142858,3.3600000000000003
2021-12-09,małopolskie,Nowotarski,1211,2.0871815743610616,2.874285714285714,5.40684386838233,2021-12-09,19.1646,3.185714285714285,2.9914285714285715,3.3485714285714283,3.49,3.482857142857143,3.4600000000000004,3.661428571428572,3.4014285714285712,3.684285714285714,3.32,3.387142857142857,2.8742857142857146,3.150000000000001,3.0157142857142856,2.874285714285714
2021-12-09,małopolskie,Olkuski,1212,0.9052149432882838,6.362857142857143,9.34634428945153,2021-12-09,11.0471,3.427142857142857,3.787142857142857,4.07,4.352857142857143,4.417142857142857,4.378571428571428,4.442857142857143,4.43,4.532857142857143,4.725714285714285,4.944285714285714,5.42,5.794285714285714,5.911428571428571,6.362857142857143
2021-12-09,małopolskie,Oświęcimski,1213,1.440856130515368,5.608571428571428,8.964089935619928,2021-12-09,15.2687,3.367142857142857,3.3957142857142864,3.611428571428572,3.881428571428572,4.282857142857143,4.17,4.227142857142857,4.301428571428572,4.311428571428571,4.208571428571428,4.657142857142857,4.890000000000001,4.992857142857143,4.702857142857143,5.608571428571428
2021-12-09,małopolskie,Proszowicki,1214,0.9290010915762826,6.355714285714285,7.130083377847969,2021-12-09,4.3057,3.31,4.038571428571428,3.9728571428571433,4.171428571428572,4.435714285714286,4.5685714285714285,4.701428571428571,5.23,5.197142857142857,5.825714285714286,5.692857142857143,5.725714285714285,5.791428571428573,5.924285714285714,6.355714285714285
2021-12-09,małopolskie,Suski,1215,1.074485739186495,4.224285714285714,7.624073256049953,2021-12-09,8.3761,2.5785714285714283,3.0542857142857143,3.3085714285714287,3.308571428571429,3.3257142857142865,3.4785714285714286,3.394285714285714,3.732857142857143,3.494285714285714,3.968571428571429,3.527142857142856,3.985714285714285,3.951428571428571,3.867142857142857,4.224285714285714
2021-12-09,małopolskie,Tarnowski,1216,0.7951100730507379,4.161428571428572,3.526313173980023,2021-12-09,20.123,3.517142857142858,3.764285714285715,3.912857142857143,3.8485714285714288,3.92,4.054285714285714,3.9771428571428578,4.0685714285714285,4.19,4.1971428571428575,4.29,4.254285714285714,4.175714285714286,4.140000000000001,4.161428571428572
2021-12-09,małopolskie,Tatrzański,1217,1.6164822407382915,3.25,5.008155887669179,2021-12-09,6.8049,4.382857142857143,4.9071428571428575,4.571428571428571,5.242857142857143,5.474285714285714,5.305714285714286,4.971428571428571,5.4957142857142856,4.824285714285714,4.802857142857143,3.9842857142857135,3.752857142857143,3.648571428571429,3.69,3.25
2021-12-09,małopolskie,Wadowicki,1218,0.9394846613470956,5.904285714285714,7.896055417068557,2021-12-09,15.9662,2.8842857142857143,3.3214285714285707,3.8214285714285703,4.224285714285714,4.455714285714285,4.652857142857142,4.751428571428571,5.118571428571428,5.137142857142857,5.288571428571429,5.404285714285714,5.645714285714285,5.887142857142857,5.797142857142858,5.904285714285714
2021-12-09,małopolskie,Wielicki,1219,0.5357785244659437,8.607142857142858,9.117419690626171,2021-12-09,13.0651,5.617142857142857,6.572857142857144,6.407142857142857,6.781428571428571,6.869999999999999,7.034285714285714,7.627142857142857,8.45142857142857,8.912857142857142,9.287142857142856,9.671428571428567,10.144285714285711,10.034285714285714,9.825714285714286,8.607142857142858
2021-12-09,małopolskie,Kraków,1261,1.153896451896621,8.211428571428572,17.680642489544415,2021-12-09,77.9966,7.144285714285713,7.377142857142857,7.467142857142859,7.665714285714287,7.637142857142858,7.708571428571429,7.548571428571429,7.788571428571429,7.625714285714286,7.724285714285714,7.801428571428572,7.927142857142856,7.984285714285714,7.955714285714285,8.211428571428572
2021-12-09,małopolskie,Nowy Sącz,1262,2.991933746619115,4.417142857142857,8.27688551664712,2021-12-09,8.3558,3.854285714285715,4.144285714285714,4.16,4.244285714285714,4.347142857142857,4.295714285714285,4.194285714285714,4.177142857142857,4.159999999999999,4.348571428571429,4.212857142857144,4.195714285714287,4.247142857142857,4.365714285714286,4.417142857142857
2021-12-09,małopolskie,Tarnów,1263,1.3953747976706543,5.521428571428571,13.502576792126366,2021-12-09,10.7498,5.414285714285714,5.890000000000001,5.957142857142857,5.771428571428572,6.048571428571429,6.245714285714285,6.298571428571428,6.192857142857142,6.378571428571428,6.391428571428572,6.894285714285715,6.272857142857143,6.234285714285714,6.168571428571428,5.521428571428571
2021-12-09,mazowieckie,Białobrzeski,1401,0.0,4.628571428571428,7.635992679048276,2021-12-09,3.3329,5.785714285714286,5.485714285714286,5.442857142857143,5.871428571428571,5.528571428571428,6.085714285714286,6.042857142857144,7.114285714285715,7.028571428571428,6.171428571428572,6.0,6.3,5.571428571428571,5.614285714285714,4.628571428571428
2021-12-09,mazowieckie,Ciechanowski,1402,1.0124759536961,6.228571428571429,9.612896693703526,2021-12-09,8.8891,4.772857142857142,4.95,5.494285714285715,6.3100000000000005,5.54,5.844285714285715,4.995714285714285,6.244285714285715,5.011428571428572,5.0914285714285725,4.211428571428572,4.948571428571428,5.028571428571429,5.652857142857142,6.228571428571429
2021-12-09,mazowieckie,Garwoliński,1403,2.209253088351713,3.8028571428571434,6.739142441592872,2021-12-09,10.8634,5.5200000000000005,5.965714285714286,6.424285714285714,5.664285714285714,5.65,5.3357142857142845,5.362857142857143,5.3100000000000005,4.68,4.13,4.522857142857143,4.3,4.208571428571429,4.064285714285715,3.8028571428571434
2021-12-09,mazowieckie,Gostyniński,1404,1.345864830308876,6.351428571428571,6.381642403714587,2021-12-09,4.4581,5.011428571428572,5.107142857142857,5.425714285714286,5.234285714285716,5.552857142857143,4.9471428571428575,5.105714285714286,5.552857142857143,5.488571428571428,5.265714285714286,5.712857142857144,5.745714285714286,6.384285714285714,5.905714285714285,6.351428571428571
2021-12-09,mazowieckie,Grodziski,1405,0.8208327348094642,8.14,9.958753155075824,2021-12-09,9.7462,11.214285714285714,11.065714285714288,11.095714285714283,10.978571428571428,10.594285714285716,10.992857142857142,10.977142857142857,10.252857142857142,10.844285714285716,10.872857142857145,10.118571428571428,10.222857142857142,9.498571428571427,9.262857142857143,8.14
2021-12-09,mazowieckie,Grójecki,1406,0.6123761214137723,6.33,7.800651159942436,2021-12-09,9.7979,6.8114285714285705,6.607142857142857,6.722857142857142,6.024285714285715,6.227142857142857,5.834285714285714,5.951428571428571,6.052857142857143,5.907142857142857,5.864285714285714,5.937142857142858,6.402857142857143,6.402857142857143,6.257142857142858,6.33
2021-12-09,mazowieckie,Kozienicki,1407,1.1746543160155725,5.495714285714286,8.605181903611223,2021-12-09,5.9592,6.425714285714286,6.209999999999999,6.258571428571429,6.497142857142857,6.592857142857143,6.57,6.474285714285714,6.6657142857142855,6.188571428571428,6.164285714285714,6.141428571428572,5.855714285714286,5.497142857142857,5.448571428571428,5.495714285714286
2021-12-09,mazowieckie,Legionowski,1408,0.6673228674863615,8.2,10.042375002085382,2021-12-09,11.9882,9.195714285714288,8.93142857142857,9.567142857142857,9.017142857142858,8.49,8.29857142857143,7.9871428571428575,8.381428571428572,7.878571428571428,7.302857142857143,7.612857142857142,7.924285714285714,7.937142857142858,7.937142857142859,8.2
2021-12-09,mazowieckie,Lipski,1409,3.5716411691172096,2.88,6.1640573843681175,2021-12-09,3.3598,6.265714285714287,7.875714285714286,5.717142857142858,5.632857142857144,5.21,5.039999999999999,5.378571428571428,4.99857142857143,4.194285714285714,4.024285714285715,4.362857142857143,3.6,3.642857142857143,3.3042857142857143,2.88
2021-12-09,mazowieckie,Łosicki,1410,3.272679670113889,2.795714285714286,5.887550726534887,2021-12-09,3.0556,3.0285714285714285,2.7028571428571424,2.7028571428571437,2.7028571428571437,2.657142857142857,2.657142857142857,2.7971428571428567,2.7971428571428576,2.7971428571428567,2.518571428571428,2.611428571428572,2.4714285714285715,2.564285714285714,2.657142857142857,2.795714285714286
2021-12-09,mazowieckie,Makowski,1411,1.1251631486565552,4.381428571428571,8.456726225302667,2021-12-09,4.4438,4.605714285714286,5.790000000000001,5.182857142857143,5.790000000000001,6.11,6.109999999999999,5.63,6.172857142857142,5.757142857142858,5.948571428571428,5.3100000000000005,5.118571428571428,5.15,4.957142857142857,4.381428571428571
2021-12-09,mazowieckie,Miński,1412,0.5808287781298603,6.351428571428571,8.068357093532795,2021-12-09,15.4951,6.904285714285715,6.968571428571429,7.061428571428572,7.328571428571428,7.089999999999999,7.135714285714285,6.970000000000001,6.897142857142858,6.538571428571428,6.768571428571429,6.501428571428571,6.897142857142859,6.6571428571428575,6.574285714285714,6.351428571428571
2021-12-09,mazowieckie,Mławski,1413,0.9686034122514496,2.7585714285714285,7.91625731641506,2021-12-09,7.2269,2.03,2.2671428571428573,2.325714285714286,2.5228571428571427,2.641428571428572,2.4642857142857144,2.72,3.134285714285714,2.9371428571428573,2.858571428571428,2.721428571428571,2.6614285714285715,2.778571428571429,2.661428571428572,2.7585714285714285
2021-12-09,mazowieckie,Nowodworski,1414,1.1354317794739166,7.4471428571428575,10.573393048634328,2021-12-09,7.9265,5.611428571428571,5.988571428571428,5.79,5.304285714285714,5.394285714285714,5.484285714285714,5.627142857142857,5.25,5.160000000000001,5.574285714285714,5.808571428571428,6.457142857142857,6.475714285714287,6.368571428571429,7.4471428571428575
2021-12-09,mazowieckie,Ostrołęcki,1415,2.146965433856515,2.29,4.255511486265071,2021-12-09,8.8497,3.465714285714286,3.255714285714286,3.432857142857143,3.271428571428572,3.3842857142857143,3.0785714285714287,3.0614285714285714,3.0942857142857143,3.3685714285714283,3.1914285714285717,3.0471428571428567,2.741428571428571,2.902857142857143,2.902857142857143,2.29
2021-12-09,mazowieckie,Ostrowski,1416,2.9251984956122024,2.417142857142857,5.966011979384315,2021-12-09,7.179,4.001428571428571,4.041428571428571,4.141428571428572,3.962857142857143,4.062857142857143,4.181428571428572,3.8042857142857143,3.5857142857142854,3.23,3.091428571428572,3.111428571428572,3.011428571428572,2.912857142857143,2.912857142857143,2.417142857142857
2021-12-09,mazowieckie,Otwocki,1417,0.8850768005278276,5.267142857142857,9.77607556946646,2021-12-09,12.4283,7.345714285714285,7.54,8.02142857142857,7.8028571428571425,7.652857142857143,7.354285714285714,7.171428571428572,7.631428571428572,6.942857142857143,6.655714285714287,6.254285714285714,6.0371428571428565,6.048571428571429,6.151428571428572,5.267142857142857
2021-12-09,mazowieckie,Piaseczyński,1418,0.7869636842491842,8.487142857142858,16.012087762190067,2021-12-09,19.0606,10.161428571428573,9.905714285714286,9.785714285714286,10.027142857142858,9.567142857142857,9.981428571428571,9.604285714285714,9.008571428571427,9.43,9.255714285714287,8.81857142857143,9.361428571428572,9.007142857142858,8.592857142857143,8.487142857142858
2021-12-09,mazowieckie,Płocki,1419,0.812699788698055,5.048571428571429,6.250564374853263,2021-12-09,11.0742,6.014285714285714,5.885714285714286,5.7957142857142845,6.1171428571428565,5.911428571428571,5.858571428571429,5.897142857142858,5.987142857142857,5.524285714285715,5.33142857142857,5.228571428571429,5.4471428571428575,5.472857142857143,5.2285714285714295,5.048571428571429
2021-12-09,mazowieckie,Płoński,1420,1.4999250037498126,4.588571428571428,7.004649767511625,2021-12-09,8.6671,4.062857142857143,4.474285714285714,4.391428571428572,4.357142857142857,4.061428571428571,4.62,3.9785714285714286,5.097142857142857,4.784285714285715,4.948571428571428,5.015714285714286,5.508571428571429,5.064285714285714,5.180000000000001,4.588571428571428
2021-12-09,mazowieckie,Pruszkowski,1421,1.0799200859136424,7.647142857142858,10.259840771782889,2021-12-09,16.6679,8.995714285714286,8.798571428571428,8.514285714285714,7.897142857142858,7.862857142857144,7.897142857142858,8.111428571428572,7.6985714285714275,7.501428571428571,7.364285714285714,7.578571428571428,8.3,7.837142857142857,7.51857142857143,7.647142857142858
2021-12-09,mazowieckie,Przasnyski,1422,3.2628932266175315,5.077142857142857,7.98833035834245,2021-12-09,5.2101,5.072857142857144,4.635714285714286,4.335714285714285,5.782857142857142,5.347142857142857,5.32,4.311428571428571,4.584285714285714,5.021428571428572,5.212857142857144,4.311428571428571,4.857142857142857,5.348571428571428,5.348571428571428,5.077142857142857
2021-12-09,mazowieckie,Przysuski,1423,1.9452414530953657,5.8357142857142845,5.816271944755144,2021-12-09,4.1126,4.835714285714286,5.112857142857143,5.217142857142858,5.597142857142857,5.39,5.7,5.872857142857143,5.6657142857142855,5.388571428571429,4.938571428571429,5.732857142857142,5.974285714285714,5.94,5.801428571428572,5.8357142857142845
2021-12-09,mazowieckie,Pułtuski,1424,2.319243926479968,5.071428571428571,8.894300458050676,2021-12-09,5.1741,4.271428571428571,4.354285714285714,4.5200000000000005,5.071428571428572,5.0442857142857145,5.182857142857143,5.265714285714287,4.962857142857144,4.7700000000000005,4.245714285714286,4.134285714285714,4.768571428571429,4.795714285714285,4.712857142857142,5.071428571428571
2021-12-09,mazowieckie,Radomski,1425,1.576976148235758,4.015714285714286,4.315658059005191,2021-12-09,15.219,5.714285714285714,5.611428571428571,5.761428571428572,5.742857142857143,5.601428571428571,5.348571428571428,5.244285714285715,5.32,4.925714285714286,4.7942857142857145,4.634285714285714,4.512857142857143,4.484285714285714,4.381428571428572,4.015714285714286
2021-12-09,mazowieckie,Siedlecki,1426,2.0888370092768938,2.791428571428572,3.085335135467224,2021-12-09,8.1385,5.23,4.932857142857143,5.090000000000001,4.651428571428572,4.634285714285714,4.634285714285714,4.388571428571429,4.037142857142857,3.808571428571428,3.177142857142857,3.16,3.02,2.95,2.984285714285714,2.791428571428572
2021-12-09,mazowieckie,Sierpecki,1427,1.1642798928862497,4.694285714285714,8.179066247525904,2021-12-09,5.1534,4.085714285714285,4.085714285714285,4.195714285714286,4.498571428571429,4.167142857142857,4.057142857142857,4.61,4.555714285714285,4.804285714285713,4.887142857142856,4.915714285714285,5.274285714285713,5.357142857142857,4.501428571428571,4.694285714285714
2021-12-09,mazowieckie,Sochaczewski,1428,0.4716758643460214,7.848571428571427,9.948823168718455,2021-12-09,8.4804,8.082857142857142,7.881428571428571,8.217142857142857,8.402857142857142,8.234285714285715,8.132857142857143,7.377142857142857,7.428571428571429,8.017142857142856,7.748571428571426,7.815714285714285,8.05142857142857,8.237142857142857,8.319999999999999,7.848571428571427
2021-12-09,mazowieckie,Sokołowski,1429,3.752767666153789,2.3185714285714285,8.207302885878335,2021-12-09,5.3294,4.741428571428571,4.954285714285715,4.688571428571429,4.688571428571429,4.102857142857142,3.997142857142857,4.077142857142857,3.757142857142857,3.891428571428571,3.704285714285714,3.3314285714285714,3.411428571428572,3.3042857142857143,2.985714285714286,2.3185714285714285
2021-12-09,mazowieckie,Szydłowiecki,1430,1.0167768174885612,3.0342857142857143,4.677173360447382,2021-12-09,3.934,3.9385714285714286,4.264285714285714,4.444285714285714,4.444285714285714,4.082857142857143,4.408571428571428,4.588571428571428,4.335714285714285,3.83,3.505714285714286,3.614285714285714,3.505714285714286,3.0357142857142856,2.8185714285714285,3.0342857142857143
2021-12-09,mazowieckie,Warszawski Zachodni,1432,1.0820348914635771,8.717142857142857,14.41686642695432,2021-12-09,12.0144,9.40857142857143,9.228571428571428,9.407142857142857,9.132857142857144,9.44285714285714,9.491428571428573,9.694285714285714,9.61,9.932857142857143,9.861428571428572,10.028571428571428,9.778571428571428,9.622857142857145,9.695714285714288,8.717142857142857
2021-12-09,mazowieckie,Węgrowski,1433,1.3759364011619015,3.177142857142857,6.428680629873107,2021-12-09,6.541,3.678571428571429,4.025714285714286,4.395714285714286,4.482857142857143,4.374285714285714,4.308571428571429,4.091428571428572,4.461428571428572,4.178571428571429,3.83,3.59,3.632857142857143,3.5685714285714285,3.7642857142857142,3.177142857142857
2021-12-09,mazowieckie,Wołomiński,1434,0.5942759342017686,6.998571428571428,9.872508002915914,2021-12-09,25.2408,9.955714285714288,9.528571428571428,9.448571428571428,9.42,9.17,9.364285714285714,9.074285714285711,8.937142857142858,8.778571428571428,8.608571428571427,8.312857142857142,8.370000000000001,7.908571428571428,7.67,6.998571428571428
2021-12-09,mazowieckie,Wyszkowski,1435,2.021290931141356,3.867142857142857,8.403180164398329,2021-12-09,7.421,4.904285714285714,4.462857142857143,4.828571428571428,4.521428571428571,4.944285714285714,4.982857142857143,5.09857142857143,5.021428571428572,4.655714285714287,4.54,4.385714285714286,3.962857142857143,3.9442857142857135,3.867142857142857,3.867142857142857
2021-12-09,mazowieckie,Zwoleński,1436,1.951219512195122,3.0542857142857147,5.892682926829268,2021-12-09,3.5875,5.115714285714285,5.274285714285715,5.155714285714287,4.8,4.641428571428572,4.958571428571429,4.838571428571429,4.838571428571428,4.521428571428571,3.8871428571428575,3.7285714285714286,3.5700000000000003,3.3714285714285714,3.2528571428571427,3.0542857142857147
2021-12-09,mazowieckie,Żuromiński,1437,0.0,4.061428571428571,5.646301240772734,2021-12-09,3.8202,1.7142857142857142,1.6771428571428573,1.8257142857142856,2.7942857142857145,2.757142857142857,3.204285714285714,3.204285714285714,3.764285714285714,3.951428571428572,3.615714285714285,3.28,3.838571428571428,3.727142857142857,4.248571428571428,4.061428571428571
2021-12-09,mazowieckie,Żyrardowski,1438,0.6633939233116625,6.442857142857143,9.982751757993896,2021-12-09,7.537,7.425714285714286,7.841428571428572,7.33142857142857,7.388571428571427,7.351428571428571,7.181428571428572,7.067142857142857,7.067142857142857,6.612857142857143,6.252857142857144,6.064285714285715,6.234285714285714,6.064285714285715,6.102857142857142,6.442857142857143
2021-12-09,mazowieckie,Ostrołęka,1461,2.7102369521449585,3.358571428571429,15.77357906148366,2021-12-09,5.1656,4.405714285714287,4.982857142857142,5.312857142857142,5.505714285714286,5.395714285714285,5.092857142857143,5.285714285714286,5.064285714285714,4.541428571428571,4.238571428571428,3.8257142857142874,3.522857142857144,3.495714285714286,3.2757142857142862,3.358571428571429
2021-12-09,mazowieckie,Płock,1462,1.2683058815571413,7.202857142857143,15.863124429262353,2021-12-09,11.8268,7.742857142857143,7.502857142857143,7.825714285714286,8.054285714285713,7.767142857142858,7.587142857142857,7.755714285714286,7.911428571428571,7.287142857142856,6.627142857142857,6.842857142857143,7.322857142857144,7.574285714285716,7.141428571428572,7.202857142857143
2021-12-09,mazowieckie,Radom,1463,2.102285757969574,4.782857142857142,11.681064138827306,2021-12-09,20.9296,6.764285714285714,6.840000000000001,6.845714285714287,6.798571428571429,6.662857142857143,6.485714285714287,6.275714285714286,6.140000000000001,5.521428571428572,5.222857142857143,5.052857142857143,4.882857142857143,4.978571428571429,4.842857142857143,4.782857142857142
2021-12-09,mazowieckie,Siedlce,1464,3.084317530489764,3.631428571428572,12.402811869481964,2021-12-09,7.7813,7.409999999999999,7.465714285714285,7.484285714285714,7.301428571428572,7.01,6.718571428571429,6.554285714285714,5.805714285714286,5.34857142857143,4.454285714285715,4.071428571428571,4.381428571428571,4.49,4.307142857142858,3.631428571428572
2021-12-09,mazowieckie,Warszawa,1465,1.1425921570244897,8.098571428571429,19.64823767700425,2021-12-09,179.4166,9.927142857142856,9.774285714285714,9.77,9.73,9.727142857142857,9.834285714285716,9.625714285714286,9.255714285714287,9.06,8.974285714285715,8.854285714285716,8.705714285714286,8.411428571428571,8.32857142857143,8.098571428571429
2021-12-09,opolskie,Brzeski,1601,2.1280885284827846,6.344285714285715,6.42682735601801,2021-12-09,8.9282,7.441428571428572,6.947142857142857,7.0600000000000005,6.724285714285714,7.011428571428572,6.852857142857144,6.565714285714287,5.594285714285715,6.2,6.104285714285714,6.184285714285713,6.359999999999999,6.279999999999999,6.838571428571428,6.344285714285715
2021-12-09,opolskie,Głubczycki,1602,2.443629901144063,6.812857142857143,10.372098189492393,2021-12-09,4.5015,5.96,6.40142857142857,6.275714285714286,6.528571428571428,5.867142857142857,5.898571428571429,5.647142857142856,6.341428571428572,6.467142857142856,6.53,6.214285714285715,5.645714285714286,6.055714285714286,6.369999999999999,6.812857142857143
2021-12-09,opolskie,Kędzierzyńsko-Kozielski,1603,3.4408232169546564,10.02,7.844001677401319,2021-12-09,9.3001,8.2,8.535714285714286,8.627142857142859,9.207142857142856,9.802857142857144,9.802857142857144,9.864285714285716,10.2,10.551428571428572,11.117142857142856,10.69,10.491428571428573,10.598571428571429,10.721428571428572,10.02
2021-12-09,opolskie,Kluczborski,1604,1.8454156798818933,6.521428571428571,9.150186079414388,2021-12-09,6.5026,4.355714285714286,4.421428571428572,4.465714285714286,4.751428571428571,5.364285714285714,5.408571428571428,5.802857142857143,6.0,6.24,6.305714285714286,6.874285714285714,6.785714285714286,6.96,6.805714285714286,6.521428571428571
2021-12-09,opolskie,Krapkowicki,1605,2.531805810494335,6.695714285714286,16.145009177796062,2021-12-09,6.3196,5.392857142857143,5.887142857142858,6.427142857142856,6.921428571428572,6.988571428571428,6.898571428571429,7.055714285714287,7.371428571428572,7.147142857142858,7.394285714285715,7.327142857142858,6.967142857142858,6.854285714285715,6.651428571428572,6.695714285714286
2021-12-09,opolskie,Namysłowski,1606,2.1155066638459914,9.774285714285714,7.364313753143878,2021-12-09,4.2543,5.255714285714285,5.657142857142857,6.325714285714285,6.692857142857142,7.43,6.9957142857142856,7.128571428571427,7.161428571428571,7.428571428571428,7.462857142857141,7.898571428571428,8.969999999999999,9.137142857142855,9.037142857142856,9.774285714285714
2021-12-09,opolskie,Nyski,1607,1.705421758215684,7.970000000000001,7.387442163957765,2021-12-09,13.4864,5.881428571428572,6.240000000000001,6.808571428571428,7.218571428571429,7.175714285714286,7.1971428571428575,6.702857142857143,6.165714285714286,6.534285714285715,6.102857142857144,6.388571428571429,7.0214285714285705,7.21142857142857,7.558571428571428,7.970000000000001
2021-12-09,opolskie,Oleski,1608,1.567692983006208,5.544285714285714,7.142409230576284,2021-12-09,6.3788,3.897142857142857,4.541428571428571,4.808571428571428,5.054285714285713,5.611428571428571,5.811428571428571,6.034285714285715,6.144285714285714,5.922857142857142,5.767142857142857,5.922857142857142,5.588571428571428,5.655714285714285,5.21,5.544285714285714
2021-12-09,opolskie,Opolski,1609,1.2952109574847004,8.41,6.016254897516433,2021-12-09,12.3532,5.444285714285714,5.202857142857142,5.607142857142857,5.654285714285714,5.792857142857144,5.98857142857143,6.104285714285715,6.07,6.715714285714285,7.118571428571429,7.614285714285714,8.017142857142856,7.855714285714286,7.959999999999999,8.41
2021-12-09,opolskie,Prudnicki,1610,2.373778873368027,7.962857142857144,6.962476033963298,2021-12-09,5.4765,7.054285714285714,7.028571428571429,8.792857142857143,8.014285714285714,8.610000000000001,9.102857142857143,8.895714285714286,8.144285714285715,8.195714285714287,7.521428571428571,7.832857142857143,7.081428571428573,7.158571428571429,7.235714285714287,7.962857142857144
2021-12-09,opolskie,Strzelecki,1611,0.9469312663176548,7.317142857142857,8.347875492066068,2021-12-09,7.3923,4.391428571428572,5.027142857142857,4.411428571428571,5.3928571428571415,5.565714285714286,5.855714285714286,5.240000000000001,5.875714285714286,5.337142857142857,6.107142857142857,6.107142857142857,6.434285714285714,6.28,6.105714285714286,7.317142857142857
2021-12-09,opolskie,Opole,1661,2.1120315396709928,9.697142857142856,16.875914235874813,2021-12-09,12.7839,7.442857142857142,6.9957142857142856,8.222857142857142,8.044285714285715,8.268571428571429,9.172857142857142,9.295714285714284,8.547142857142855,9.105714285714283,8.715714285714284,8.882857142857143,9.272857142857143,8.848571428571429,9.24,9.697142857142856
2021-12-09,podkarpackie,Bieszczadzki,1801,5.584252408208852,3.375714285714286,7.050118665363676,2021-12-09,2.1489,4.5685714285714285,4.2371428571428575,4.104285714285714,3.375714285714285,3.5742857142857143,3.5742857142857143,3.375714285714285,3.442857142857143,3.442857142857143,3.177142857142857,3.375714285714285,3.242857142857143,3.242857142857143,3.31,3.375714285714286
2021-12-09,podkarpackie,Brzozowski,1802,0.7648417542410475,2.2,6.495036177014976,2021-12-09,6.5373,2.1585714285714284,2.2885714285714287,2.4199999999999995,2.201428571428571,2.027142857142857,1.9185714285714284,1.9828571428571429,1.9828571428571429,1.917142857142857,1.8728571428571428,2.1342857142857143,2.091428571428571,2.2,2.2871428571428574,2.2
2021-12-09,podkarpackie,Dębicki,1803,2.7409234689720057,3.771428571428572,4.085457549021787,2021-12-09,13.4991,4.561428571428571,4.604285714285715,4.847142857142857,4.7942857142857145,4.784285714285715,4.647142857142858,4.6571428571428575,4.805714285714285,4.720000000000001,4.561428571428572,4.572857142857144,4.392857142857143,4.35,4.33,3.771428571428572
2021-12-09,podkarpackie,Jarosławski,1804,1.9210370259005909,3.344285714285714,7.31915106868125,2021-12-09,11.9727,2.605714285714286,2.5700000000000003,2.724285714285714,2.807142857142857,2.961428571428571,3.045714285714286,3.115714285714286,3.27,3.3542857142857136,3.675714285714286,3.7114285714285713,3.617142857142857,3.5685714285714285,3.4985714285714287,3.344285714285714
2021-12-09,podkarpackie,Jasielski,1805,2.3922809069402726,4.164285714285715,6.278408335769916,2021-12-09,11.2863,4.238571428571428,4.402857142857143,4.592857142857143,4.428571428571429,4.302857142857143,4.417142857142857,4.252857142857143,4.215714285714285,4.291428571428571,4.202857142857143,4.101428571428571,4.201428571428571,4.201428571428571,4.277142857142857,4.164285714285715
2021-12-09,podkarpackie,Kolbuszowski,1806,1.45070036589887,2.7328571428571427,2.849820274343558,2021-12-09,6.2039,3.7457142857142856,3.677142857142857,3.882857142857142,3.86,3.86,3.812857142857143,3.972857142857143,3.8114285714285714,3.5585714285714287,3.3300000000000005,3.1685714285714286,3.1914285714285717,3.1,3.008571428571429,2.7328571428571427
2021-12-09,podkarpackie,Krośnieński,1807,2.1446762879227914,2.65,4.1776506858496045,2021-12-09,11.1905,3.271428571428572,3.4371428571428573,3.258571428571429,3.45,3.322857142857143,3.462857142857143,3.361428571428572,3.335714285714286,3.182857142857143,2.9285714285714293,2.801428571428571,2.8271428571428574,2.891428571428571,2.8528571428571428,2.65
2021-12-09,podkarpackie,Leżajski,1808,2.6088468896747634,3.568571428571428,6.442402458113514,2021-12-09,6.8996,3.53,3.571428571428572,3.654285714285714,3.591428571428571,3.7771428571428567,3.672857142857143,3.9,4.065714285714285,4.024285714285714,3.9414285714285713,3.9214285714285713,3.7142857142857135,3.7142857142857135,3.692857142857143,3.568571428571428
2021-12-09,podkarpackie,Lubaczowski,1809,1.2794502019703533,3.142857142857143,7.01687046480598,2021-12-09,5.4711,3.377142857142857,3.792857142857143,3.975714285714286,4.158571428571428,4.132857142857144,4.054285714285714,4.054285714285714,3.6642857142857146,3.325714285714286,3.142857142857143,2.9857142857142853,2.96,3.0385714285714287,3.0385714285714287,3.142857142857143
2021-12-09,podkarpackie,Łańcucki,1810,1.9698126215743728,3.9785714285714286,6.537315637849949,2021-12-09,8.1226,6.4957142857142856,6.32,6.407142857142857,6.671428571428571,6.548571428571428,6.477142857142857,6.072857142857143,5.58,5.2457142857142856,4.9471428571428575,4.437142857142858,4.454285714285715,4.208571428571429,4.0842857142857145,3.9785714285714286
2021-12-09,podkarpackie,Mielecki,1811,3.2981288615592086,4.912857142857143,5.060795508681408,2021-12-09,13.6441,4.598571428571428,4.6085714285714285,5.1000000000000005,5.225714285714285,5.539999999999999,5.539999999999999,5.728571428571429,6.031428571428571,5.811428571428571,5.748571428571428,5.632857142857143,5.434285714285714,5.361428571428571,5.225714285714285,4.912857142857143
2021-12-09,podkarpackie,Niżański,1812,1.0570664894821884,2.5800000000000005,4.193533773274339,2021-12-09,6.6221,3.677142857142857,3.978571428571428,4.107142857142857,3.934285714285714,3.762857142857143,4.062857142857142,4.321428571428571,4.364285714285714,3.87,3.827142857142857,3.655714285714285,3.504285714285714,3.3542857142857145,2.924285714285714,2.5800000000000005
2021-12-09,podkarpackie,Przemyski,1813,1.0822657232917112,3.341428571428572,2.41751105940286,2021-12-09,7.3919,4.328571428571428,4.521428571428571,4.501428571428571,4.5200000000000005,4.789999999999999,4.731428571428571,4.441428571428571,4.498571428571428,4.208571428571428,3.997142857142857,3.9785714285714286,3.650000000000001,3.611428571428572,3.7085714285714286,3.341428571428572
2021-12-09,podkarpackie,Przeworski,1814,1.0259172341271368,2.9585714285714286,4.031854730119648,2021-12-09,7.7979,4.255714285714285,4.364285714285715,4.765714285714286,4.362857142857143,4.435714285714285,4.527142857142857,4.527142857142857,4.381428571428572,4.125714285714285,3.7057142857142855,3.7971428571428567,3.56,3.414285714285714,3.2328571428571427,2.9585714285714286
2021-12-09,podkarpackie,Ropczycko-Sędziszowski,1815,1.609161492765478,3.1785714285714284,4.788596408887935,2021-12-09,7.4573,3.16,2.8728571428571428,3.007142857142857,3.3328571428571427,3.39,3.39,3.3514285714285714,3.371428571428571,3.6771428571428575,3.447142857142857,3.292857142857143,3.4657142857142857,3.5228571428571427,3.5228571428571427,3.1785714285714284
2021-12-09,podkarpackie,Rzeszowski,1816,0.8208736440926415,4.337142857142857,3.46819114629141,2021-12-09,17.055,4.261428571428572,4.404285714285714,4.412857142857143,4.588571428571429,4.731428571428572,4.731428571428572,4.74,4.664285714285714,4.53,4.48,4.287142857142857,4.304285714285714,4.312857142857142,4.295714285714285,4.337142857142857
2021-12-09,podkarpackie,Sanocki,1817,1.38566160011938,2.591428571428572,5.887995906968812,2021-12-09,9.3818,2.6685714285714286,2.3042857142857143,2.2442857142857138,2.244285714285714,2.4714285714285715,2.395714285714285,2.1085714285714285,2.2157142857142857,2.5342857142857147,2.731428571428572,2.655714285714285,2.4885714285714284,2.6699999999999995,2.6385714285714283,2.591428571428572
2021-12-09,podkarpackie,Stalowowolski,1818,0.9484876364636586,3.52,7.246445542582351,2021-12-09,10.5431,4.79,4.628571428571428,4.5200000000000005,4.168571428571429,4.127142857142858,4.0600000000000005,3.75,3.94,3.6571428571428575,3.441428571428571,3.5628571428571427,3.3599999999999994,3.387142857142857,3.642857142857143,3.52
2021-12-09,podkarpackie,Strzyżowski,1819,1.3080230866074785,4.591428571428572,5.364529683948922,2021-12-09,6.1161,4.125714285714286,3.752857142857143,3.752857142857143,4.078571428571429,4.824285714285715,4.754285714285714,4.84857142857143,4.941428571428572,4.941428571428572,5.081428571428572,4.941428571428572,4.731428571428572,4.84857142857143,4.778571428571429,4.591428571428572
2021-12-09,podkarpackie,Tarnobrzeski,1820,0.7587253414264036,3.458571428571429,4.011760242792109,2021-12-09,5.272,4.404285714285715,4.998571428571428,5.404285714285714,5.431428571428571,5.161428571428572,5.054285714285713,5.297142857142857,5.242857142857143,4.81,4.567142857142857,4.188571428571429,4.1885714285714295,4.107142857142857,3.971428571428572,3.458571428571429
2021-12-09,podkarpackie,Leski,1821,3.791469194312796,5.244285714285715,4.856872037914692,2021-12-09,2.6375,6.164285714285716,6.272857142857142,6.759999999999999,6.218571428571429,6.327142857142857,6.381428571428572,6.652857142857143,5.895714285714286,5.6242857142857146,6.057142857142856,6.002857142857144,5.894285714285713,5.785714285714286,5.19,5.244285714285715
2021-12-09,podkarpackie,Krosno,1861,3.4825004353125544,3.778571428571429,13.76022984502873,2021-12-09,4.5944,4.954285714285715,4.985714285714286,4.861428571428571,4.644285714285714,4.49,4.737142857142857,4.954285714285715,4.582857142857143,4.272857142857142,4.49,4.397142857142858,4.3357142857142845,4.027142857142857,3.748571428571428,3.778571428571429
2021-12-09,podkarpackie,Przemyśl,1862,1.003696950434099,3.8042857142857134,12.44249652888138,2021-12-09,5.9779,4.5371428571428565,4.727142857142858,4.632857142857143,4.161428571428572,4.468571428571429,4.704285714285715,4.609999999999999,5.13,4.987142857142857,5.105714285714286,5.105714285714285,4.702857142857142,4.442857142857142,4.395714285714285,3.8042857142857134
2021-12-09,podkarpackie,Rzeszów,1863,1.0170974074187085,6.017142857142857,23.97247734415525,2021-12-09,19.6638,6.1242857142857146,6.218571428571428,6.392857142857143,6.109999999999999,6.038571428571428,6.227142857142858,6.191428571428572,6.227142857142858,6.154285714285714,5.937142857142857,5.965714285714286,6.161428571428571,6.052857142857143,6.14,6.017142857142857
2021-12-09,podkarpackie,Tarnobrzeg,1864,0.8628127696289905,4.814285714285715,16.548748921484037,2021-12-09,4.636,4.935714285714285,4.782857142857142,4.875714285714285,4.814285714285714,5.06,5.121428571428571,4.784285714285714,4.722857142857143,4.9071428571428575,5.182857142857143,4.877142857142856,4.508571428571429,4.631428571428572,4.9071428571428575,4.814285714285715
2021-12-09,podlaskie,Augustowski,2001,3.989523165252987,2.861428571428571,7.694575983070545,2021-12-09,5.7651,5.2557142857142845,5.032857142857142,5.23,5.575714285714285,5.6,5.427142857142856,4.8342857142857145,4.514285714285714,4.341428571428572,3.9957142857142856,3.4028571428571435,3.131428571428572,3.23,3.0585714285714287,2.861428571428571
2021-12-09,podlaskie,Białostocki,2002,2.585435380688786,3.688571428571428,5.725082037853426,2021-12-09,15.0845,7.317142857142857,6.927142857142857,6.727142857142857,6.384285714285715,6.157142857142857,6.024285714285715,5.891428571428571,5.244285714285715,4.912857142857143,4.78,4.552857142857143,4.305714285714285,4.277142857142857,3.868571428571428,3.688571428571428
2021-12-09,podlaskie,Bielski,2003,3.166030356644008,3.698571428571429,8.501722692988173,2021-12-09,5.3695,6.472857142857143,6.339999999999999,6.154285714285714,6.471428571428571,6.312857142857142,6.26,6.604285714285715,6.049999999999999,6.208571428571427,6.024285714285715,5.311428571428571,5.152857142857143,5.047142857142857,4.0685714285714285,3.698571428571429
2021-12-09,podlaskie,Grajewski,2004,2.5645409471704568,2.8842857142857143,5.438963925457343,2021-12-09,4.6792,3.0357142857142856,3.9471428571428566,3.8871428571428575,4.0685714285714285,4.130000000000001,4.04,3.402857142857143,4.101428571428571,3.0985714285714283,3.22,3.25,3.25,2.975714285714286,2.975714285714285,2.8842857142857143
2021-12-09,podlaskie,Hajnowski,2005,4.762925388773786,4.964285714285714,8.842370984258533,2021-12-09,4.1991,6.282857142857144,5.641428571428572,5.44,5.474285714285714,5.474285714285714,5.238571428571428,5.137142857142857,5.305714285714286,5.407142857142857,5.6085714285714285,5.777142857142857,5.911428571428571,5.911428571428571,5.505714285714285,4.964285714285714
2021-12-09,podlaskie,Kolneński,2006,1.3197138860295088,1.8785714285714288,5.244542983081268,2021-12-09,3.7887,2.7842857142857147,2.821428571428572,2.2942857142857145,2.218571428571429,2.3314285714285714,2.18,2.142857142857143,1.992857142857143,1.5785714285714287,1.6914285714285715,1.5785714285714287,1.5028571428571431,1.465714285714286,1.502857142857143,1.8785714285714288
2021-12-09,podlaskie,Łomżyński,2007,3.1484287372832997,2.358571428571428,2.117318325823019,2021-12-09,5.0819,4.434285714285714,3.7885714285714287,3.7885714285714287,3.704285714285714,3.282857142857143,3.255714285714286,3.2,3.0028571428571427,3.0028571428571427,2.667142857142857,2.948571428571429,2.8642857142857143,2.807142857142857,2.6385714285714283,2.358571428571428
2021-12-09,podlaskie,Moniecki,2008,0.7486897928624907,2.0228571428571427,6.765660094834041,2021-12-09,4.007,4.934285714285714,4.401428571428571,3.975714285714286,4.507142857142857,3.902857142857143,3.8314285714285714,3.4400000000000004,3.0142857142857147,3.0500000000000003,2.9785714285714286,2.5885714285714285,2.447142857142857,2.3057142857142856,2.1642857142857146,2.0228571428571427
2021-12-09,podlaskie,Sejneński,2009,2.031591243841739,3.387142857142857,5.591954898674387,2021-12-09,1.9689,4.902857142857142,5.191428571428572,4.974285714285714,4.18,3.53,3.3142857142857145,3.2428571428571438,3.6042857142857145,3.1,3.172857142857143,3.3171428571428576,3.317142857142857,2.74,3.1,3.387142857142857
2021-12-09,podlaskie,Siemiatycki,2010,0.9170525929662068,2.7014285714285715,6.45834288596451,2021-12-09,4.3618,3.97,3.4171428571428573,3.058571428571429,3.091428571428572,3.2214285714285715,3.2214285714285715,3.025714285714286,3.0585714285714287,3.5457142857142863,3.4157142857142864,3.2528571428571427,3.1557142857142857,3.2528571428571427,3.5142857142857147,2.7014285714285715
2021-12-09,podlaskie,Sokólski,2011,1.36605801193024,2.76,6.118422051211997,2021-12-09,6.5883,4.438571428571428,4.222857142857142,4.137142857142857,4.395714285714286,4.3742857142857146,4.417142857142858,4.351428571428572,4.092857142857143,3.9414285714285713,3.898571428571429,3.532857142857143,3.231428571428572,3.124285714285714,2.9314285714285715,2.76
2021-12-09,podlaskie,Suwalski,2012,4.77836804677179,3.37,2.397616437586081,2021-12-09,3.5577,5.375714285714285,5.375714285714286,5.175714285714286,5.335714285714286,5.215714285714286,5.095714285714286,4.735714285714286,4.534285714285715,4.132857142857144,4.092857142857143,3.651428571428572,3.7714285714285714,3.69,3.69,3.37
2021-12-09,podlaskie,Wysokomazowiecki,2013,1.950078003120125,2.8514285714285714,6.981279251170048,2021-12-09,5.6408,5.218571428571429,5.395714285714286,4.765714285714286,4.161428571428572,4.212857142857143,4.162857142857143,4.112857142857143,3.834285714285714,3.631428571428572,3.6571428571428575,3.505714285714286,3.378571428571429,3.378571428571429,3.2028571428571437,2.8514285714285714
2021-12-09,podlaskie,Zambrowski,2014,2.083767451552407,2.7342857142857144,7.448310990715658,2021-12-09,4.3191,3.5242857142857145,3.754285714285714,3.82,3.8857142857142857,3.9185714285714286,3.8857142857142857,3.6885714285714286,3.622857142857143,3.59,3.787142857142858,3.4914285714285715,3.458571428571429,3.4914285714285715,3.327142857142857,2.7342857142857144
2021-12-09,podlaskie,Białystok,2061,2.289886111840732,3.898571428571429,18.68243994100176,2021-12-09,29.6958,7.211428571428572,6.865714285714286,6.625714285714286,6.4,6.107142857142857,5.958571428571429,5.7942857142857145,5.501428571428571,5.255714285714285,4.991428571428572,4.7942857142857145,4.79,4.665714285714286,4.445714285714286,3.898571428571429
2021-12-09,podlaskie,Łomża,2062,2.55701340833906,2.774285714285714,12.804244642257842,2021-12-09,6.2573,5.69,5.4157142857142855,5.482857142857143,4.845714285714286,4.664285714285714,4.482857142857143,4.3,3.685714285714286,3.527142857142857,3.345714285714286,3.435714285714286,3.2300000000000004,3.342857142857143,3.1842857142857146,2.774285714285714
2021-12-09,podlaskie,Suwałki,2063,3.446344720630681,3.768571428571428,11.33991010784187,2021-12-09,6.9639,5.8342857142857145,6.1014285714285705,5.9385714285714295,5.508571428571429,5.405714285714287,4.914285714285714,4.648571428571429,4.997142857142856,4.832857142857143,4.914285714285716,4.648571428571429,4.321428571428572,4.464285714285714,4.464285714285714,3.768571428571428
2021-12-09,pomorskie,Bytowski,2201,1.3903986652172813,4.027142857142857,8.726647622418282,2021-12-09,7.9114,3.321428571428572,3.321428571428572,3.302857142857143,3.104285714285715,3.104285714285715,3.175714285714286,3.2300000000000004,3.1214285714285714,3.337142857142857,3.4828571428571427,3.61,3.6642857142857146,3.61,4.025714285714286,4.027142857142857
2021-12-09,pomorskie,Chojnicki,2202,0.6143701170375073,5.557142857142858,9.71728735114324,2021-12-09,9.7661,3.481428571428572,3.847142857142857,3.9214285714285713,4.432857142857142,4.154285714285714,4.345714285714285,4.638571428571429,4.857142857142857,5.178571428571429,4.958571428571429,4.607142857142857,5.324285714285715,5.381428571428572,5.292857142857144,5.557142857142858
2021-12-09,pomorskie,Człuchowski,2203,0.7163965254768514,6.154285714285714,7.729918509895227,2021-12-09,5.5835,3.651428571428571,4.29,4.571428571428571,5.158571428571428,4.545714285714285,4.724285714285714,4.622857142857143,5.390000000000001,5.364285714285714,5.465714285714285,4.98,6.078571428571428,6.18,6.154285714285714,6.154285714285714
2021-12-09,pomorskie,Gdański,2204,1.080389272565592,7.625714285714286,7.142204160329768,2021-12-09,12.0327,6.307142857142858,7.335714285714287,7.097142857142857,7.134285714285714,7.002857142857144,7.002857142857144,6.272857142857143,6.415714285714286,6.380000000000001,6.978571428571429,6.954285714285715,7.085714285714286,7.3014285714285725,8.020000000000001,7.625714285714286
2021-12-09,pomorskie,Kartuski,2205,0.7752375045809489,5.185714285714286,5.966509739802103,2021-12-09,14.1892,5.418571428571428,5.579999999999999,5.590000000000001,5.528571428571429,5.9957142857142856,5.701428571428571,5.548571428571429,5.397142857142858,5.114285714285714,5.175714285714286,5.165714285714286,4.6085714285714285,4.69,4.862857142857143,5.185714285714286
2021-12-09,pomorskie,Kościerski,2206,1.782702302428589,3.4914285714285715,7.794522990003154,2021-12-09,7.2923,3.5342857142857147,3.671428571428572,3.8471428571428574,3.787142857142858,3.924285714285714,3.7071428571428577,3.687142857142857,3.8242857142857143,3.47,3.3328571428571427,3.4899999999999998,3.3914285714285706,3.627142857142857,3.3928571428571423,3.4914285714285715
2021-12-09,pomorskie,Kwidzyński,2207,1.084820944276364,6.589999999999999,8.61227294094958,2021-12-09,8.2963,5.4871428571428575,5.314285714285715,5.348571428571428,5.917142857142856,6.312857142857141,6.33142857142857,6.177142857142856,5.764285714285713,6.6085714285714285,7.245714285714286,6.901428571428572,6.918571428571428,7.055714285714287,7.090000000000002,6.589999999999999
2021-12-09,pomorskie,Lęborski,2208,0.0,4.497142857142856,10.53220949412103,2021-12-09,6.6083,3.3714285714285714,3.782857142857144,3.717142857142857,3.761428571428572,3.74,3.652857142857143,3.891428571428572,3.870000000000001,3.0057142857142862,3.244285714285714,3.5471428571428576,3.9142857142857146,3.5900000000000003,3.805714285714285,4.497142857142856
2021-12-09,pomorskie,Malborski,2209,0.7910891715714194,6.75857142857143,7.732105562939054,2021-12-09,6.3204,4.528571428571429,4.528571428571429,4.710000000000001,5.182857142857143,5.341428571428572,5.431428571428572,5.297142857142857,5.364285714285715,5.927142857142859,6.422857142857142,6.061428571428571,6.714285714285714,6.737142857142857,7.367142857142856,6.75857142857143
2021-12-09,pomorskie,Nowodworski,2210,1.410914837180428,7.930000000000001,9.072182403070151,2021-12-09,3.5438,6.402857142857143,6.442857142857143,6.844285714285713,7.167142857142857,7.248571428571428,7.4485714285714275,7.729999999999999,6.804285714285713,7.4485714285714275,7.368571428571428,7.689999999999999,8.332857142857142,8.252857142857142,8.454285714285714,7.930000000000001
2021-12-09,pomorskie,Pucki,2211,0.913575735428467,7.604285714285715,6.286543029417139,2021-12-09,8.7568,6.177142857142857,6.405714285714285,6.175714285714286,6.307142857142857,6.339999999999999,6.29,6.224285714285715,6.142857142857144,5.995714285714286,5.685714285714285,6.21,6.472857142857143,6.882857142857143,7.472857142857143,7.604285714285715
2021-12-09,pomorskie,Słupski,2212,1.3153634450380445,3.295714285714286,5.434474664076412,2021-12-09,9.8832,4.075714285714286,3.888571428571428,3.701428571428572,3.8028571428571434,3.875714285714285,3.875714285714286,3.7028571428571424,4.035714285714287,3.920000000000001,3.6442857142857146,3.615714285714286,3.398571428571429,3.5142857142857147,3.5857142857142854,3.295714285714286
2021-12-09,pomorskie,Starogardzki,2213,0.6239762889010217,5.768571428571428,7.745885656345059,2021-12-09,12.821,3.9985714285714287,4.098571428571428,4.4,4.355714285714286,4.321428571428571,4.511428571428572,4.5442857142857145,4.567142857142857,4.711428571428572,4.8,4.9557142857142855,5.3014285714285725,5.267142857142858,5.301428571428572,5.768571428571428
2021-12-09,pomorskie,Tczewski,2214,2.343343169588613,5.805714285714286,8.35965978128797,2021-12-09,11.522,4.532857142857143,4.532857142857144,5.545714285714285,5.014285714285714,5.064285714285714,5.262857142857143,5.15142857142857,5.064285714285714,5.409999999999999,4.990000000000001,5.027142857142857,5.162857142857142,5.137142857142857,5.31,5.805714285714286
2021-12-09,pomorskie,Wejherowski,2215,0.7746392231735603,6.347142857142857,7.538606651872576,2021-12-09,21.9457,4.787142857142858,4.897142857142858,5.001428571428571,5.131428571428572,5.687142857142858,6.09857142857143,6.2942857142857145,6.431428571428571,6.797142857142858,6.895714285714285,7.287142857142858,7.338571428571428,7.241428571428571,7.122857142857143,6.347142857142857
2021-12-09,pomorskie,Sztumski,2216,1.2164266251459712,7.187142857142857,10.149863760217984,2021-12-09,4.1104,4.930000000000001,5.451428571428571,6.042857142857144,5.661428571428572,5.627142857142856,6.182857142857143,5.904285714285714,5.661428571428572,5.487142857142857,4.618571428571429,5.277142857142857,5.762857142857143,5.484285714285714,5.277142857142857,7.187142857142857
2021-12-09,pomorskie,Gdańsk,2261,0.743407567889041,7.257142857142857,18.29398583277578,2021-12-09,47.0805,6.35,6.677142857142857,6.892857142857144,6.878571428571429,7.069999999999999,7.305714285714286,7.1171428571428565,7.202857142857142,6.484285714285714,6.457142857142857,6.2714285714285705,6.301428571428571,6.635714285714286,6.687142857142857,7.257142857142857
2021-12-09,pomorskie,Gdynia,2262,0.4898579003873959,7.082857142857143,17.681829129400047,2021-12-09,24.4969,6.122857142857143,6.552857142857143,6.658571428571428,6.977142857142858,6.9957142857142856,7.007142857142855,6.7057142857142855,7.229999999999999,7.578571428571428,7.27,7.171428571428571,7.31,7.251428571428571,7.495714285714285,7.082857142857143
2021-12-09,pomorskie,Słupsk,2263,1.1138338159946537,3.858571428571429,17.05613722432613,2021-12-09,8.978,4.207142857142857,4.144285714285714,4.475714285714286,4.538571428571429,4.68,4.807142857142858,4.57,5.155714285714287,4.902857142857143,4.587142857142857,4.602857142857142,4.524285714285714,4.35,4.365714285714286,3.858571428571429
2021-12-09,pomorskie,Sopot,2264,0.8501955449753443,7.15,38.96162784107011,2021-12-09,3.5286,5.021428571428571,5.945714285714287,6.065714285714285,6.225714285714285,6.305714285714286,6.547142857142857,6.587142857142857,7.19,6.145714285714285,6.427142857142859,6.628571428571429,6.99,6.668571428571428,7.029999999999999,7.15
2021-12-09,śląskie,Będziński,2401,0.5432605137886309,6.611428571428571,11.571448943697838,2021-12-09,14.7259,5.159999999999999,5.101428571428571,5.5371428571428565,5.391428571428572,5.3342857142857145,5.267142857142857,5.074285714285714,5.518571428571429,5.528571428571429,5.5857142857142845,5.7700000000000005,6.2714285714285705,6.242857142857143,6.214285714285714,6.611428571428571
2021-12-09,śląskie,Bielski,2402,1.142183855531777,6.352857142857142,6.54170774520884,2021-12-09,16.6348,3.6371428571428575,4.014285714285714,4.281428571428572,4.505714285714286,4.659999999999999,4.711428571428572,5.088571428571429,5.414285714285716,5.217142857142856,5.628571428571429,5.671428571428571,6.024285714285713,6.05,6.2057142857142855,6.352857142857142
2021-12-09,śląskie,Cieszyński,2403,1.9714311463590484,6.525714285714286,9.091113914924296,2021-12-09,17.7536,5.015714285714286,5.361428571428571,5.434285714285714,5.674285714285715,5.858571428571429,5.657142857142857,5.721428571428571,5.985714285714287,6.13,6.345714285714285,6.418571428571428,6.58,6.692857142857143,6.692857142857143,6.525714285714286
2021-12-09,śląskie,Częstochowski,2404,0.4474072748422889,4.498571428571428,6.901257214442307,2021-12-09,13.4106,2.8828571428571435,3.01,3.105714285714286,3.232857142857143,3.541428571428572,3.4457142857142857,3.658571428571429,3.892857142857143,4.285714285714287,4.488571428571428,4.797142857142857,4.902857142857144,4.912857142857143,4.752857142857143,4.498571428571428
2021-12-09,śląskie,Gliwicki,2405,1.2996464961530465,8.47,16.442261038330905,2021-12-09,11.5416,5.627142857142857,6.58,6.901428571428572,7.284285714285716,7.358571428571429,7.258571428571429,7.184285714285714,7.357142857142857,6.924285714285715,7.628571428571428,7.4314285714285715,7.88857142857143,8.111428571428572,8.087142857142858,8.47
2021-12-09,śląskie,Kłobucki,2406,0.9486540969998816,4.7,7.063915569785367,2021-12-09,8.433,3.6014285714285714,3.7371428571428575,3.991428571428572,3.7028571428571424,3.718571428571429,3.4657142857142853,3.5157142857142856,3.888571428571428,3.6014285714285714,3.8042857142857134,3.855714285714285,4.159999999999999,4.4471428571428575,4.328571428571429,4.7
2021-12-09,śląskie,Lubliniecki,2407,1.4452955629426218,6.252857142857143,7.752039837601335,2021-12-09,7.6109,4.922857142857142,5.278571428571429,5.202857142857143,5.688571428571429,5.632857142857143,5.744285714285715,6.137142857142856,6.005714285714286,6.417142857142856,6.585714285714286,6.548571428571429,6.885714285714286,6.942857142857143,6.607142857142857,6.252857142857143
2021-12-09,śląskie,Mikołowski,2408,0.8064353541259249,9.877142857142855,4.66321243523316,2021-12-09,9.9202,5.457142857142857,6.032857142857144,7.041428571428573,8.552857142857144,8.725714285714286,8.984285714285715,9.315714285714288,9.517142857142858,10.108571428571429,10.037142857142856,9.014285714285716,9.834285714285716,9.964285714285714,10.021428571428572,9.877142857142855
2021-12-09,śląskie,Myszkowski,2409,1.7024657378770252,4.972857142857143,7.966120931816247,2021-12-09,7.0486,3.718571428571429,3.698571428571429,4.041428571428572,4.505714285714285,4.304285714285714,4.505714285714286,4.322857142857143,4.242857142857143,4.605714285714286,4.525714285714285,4.627142857142856,4.748571428571428,4.668571428571428,4.7700000000000005,4.972857142857143
2021-12-09,śląskie,Pszczyński,2410,1.5203820630690252,5.872857142857143,6.661062121022412,2021-12-09,11.1814,4.401428571428572,5.054285714285714,5.335714285714286,5.937142857142858,6.0514285714285725,6.46,6.702857142857142,7.392857142857143,6.931428571428572,7.200000000000001,6.804285714285714,6.817142857142857,6.945714285714286,6.651428571428572,5.872857142857143
2021-12-09,śląskie,Raciborski,2411,1.3965180150823946,7.267142857142858,8.825993855320734,2021-12-09,10.741,5.915714285714286,6.511428571428572,6.404285714285713,6.615714285714286,7.158571428571428,6.959999999999999,6.907142857142857,6.562857142857142,6.364285714285715,7.517142857142858,7.332857142857143,6.948571428571428,7.425714285714286,7.677142857142856,7.267142857142858
2021-12-09,śląskie,Rybnicki,2412,0.6396643041731699,8.328571428571427,4.146304019650487,2021-12-09,7.8166,6.5214285714285705,6.777142857142857,6.922857142857143,7.232857142857142,7.232857142857143,7.324285714285714,7.122857142857143,7.925714285714286,8.108571428571427,8.127142857142859,8.182857142857143,7.891428571428572,8.311428571428573,8.712857142857144,8.328571428571427
2021-12-09,śląskie,Tarnogórski,2413,1.1365250745844582,8.148571428571428,12.136667140218782,2021-12-09,14.078,6.241428571428571,6.951428571428572,7.144285714285714,7.255714285714285,6.94,7.04142857142857,7.01142857142857,6.798571428571429,6.585714285714286,6.828571428571429,7.417142857142857,7.641428571428571,7.742857142857143,7.864285714285714,8.148571428571428
2021-12-09,śląskie,Bieruńsko-Lędziński,2414,0.8357989402069438,7.851428571428571,4.235829028968791,2021-12-09,5.9823,4.748571428571429,5.034285714285715,5.274285714285713,6.514285714285714,5.607142857142857,5.917142857142857,6.467142857142858,6.825714285714285,7.112857142857142,7.661428571428571,6.182857142857142,7.471428571428571,7.567142857142857,7.375714285714285,7.851428571428571
2021-12-09,śląskie,Wodzisławski,2415,1.7243691682792712,7.645714285714285,7.951896486757484,2021-12-09,15.6579,6.262857142857143,6.345714285714286,6.764285714285714,7.064285714285715,7.299999999999999,7.409999999999999,7.445714285714286,8.082857142857142,8.218571428571428,8.337142857142856,8.31857142857143,8.218571428571428,8.117142857142857,8.308571428571428,7.645714285714285
2021-12-09,śląskie,Zawierciański,2416,1.714207350521119,5.062857142857142,11.08920735052112,2021-12-09,11.6672,3.135714285714285,3.2457142857142856,3.404285714285714,3.391428571428571,3.281428571428572,3.3542857142857136,3.755714285714286,4.024285714285714,4.315714285714286,4.657142857142857,4.901428571428572,5.134285714285715,5.231428571428571,4.988571428571428,5.062857142857142
2021-12-09,śląskie,Żywiecki,2417,0.5913310862752055,3.0271428571428567,5.747738158594998,2021-12-09,15.2199,1.5271428571428571,1.6957142857142855,1.7614285714285711,1.8085714285714285,1.8928571428571423,1.94,1.9771428571428569,2.014285714285714,2.127142857142857,2.108571428571429,2.22,2.511428571428572,2.6242857142857146,2.595714285714286,3.0271428571428567
2021-12-09,śląskie,Bielsko-Biała,2461,0.2356323193289191,6.612857142857143,14.747048705200406,2021-12-09,16.9756,3.7885714285714287,3.822857142857143,4.394285714285715,4.671428571428572,4.671428571428572,4.890000000000001,4.890000000000001,5.125714285714285,5.3514285714285705,5.561428571428571,5.528571428571429,6.0914285714285725,6.074285714285715,6.377142857142857,6.612857142857143
2021-12-09,śląskie,Bytom,2462,0.5512847998529906,7.514285714285713,9.477198248139413,2021-12-09,16.3255,6.151428571428572,6.551428571428572,7.202857142857143,7.090000000000001,7.281428571428571,7.064285714285715,7.072857142857143,7.081428571428572,7.132857142857143,7.09857142857143,7.567142857142856,7.609999999999999,7.531428571428571,7.495714285714285,7.514285714285713
2021-12-09,śląskie,Chorzów,2463,0.7487411788929862,8.112857142857143,14.188645340022088,2021-12-09,10.6846,5.808571428571428,6.4471428571428575,6.847142857142858,7.405714285714285,7.287142857142856,7.021428571428571,7.101428571428571,7.565714285714286,7.751428571428571,7.751428571428571,8.137142857142857,8.017142857142858,8.35,8.935714285714287,8.112857142857143
2021-12-09,śląskie,Częstochowa,2464,0.4597067071208569,5.760000000000001,16.253850043672138,2021-12-09,21.753,3.837142857142857,3.8957142857142855,3.791428571428572,4.148571428571429,4.415714285714286,4.181428571428572,4.344285714285714,4.408571428571428,4.642857142857143,4.792857142857143,4.924285714285714,5.275714285714286,5.484285714285713,5.445714285714286,5.760000000000001
2021-12-09,śląskie,Dąbrowa Górnicza,2465,0.929957306505474,6.295714285714285,12.855391638838398,2021-12-09,11.8285,4.698571428571428,4.998571428571429,5.347142857142857,5.671428571428572,5.911428571428572,5.875714285714286,6.140000000000001,6.042857142857143,6.320000000000001,6.164285714285716,6.175714285714285,6.5,6.284285714285715,6.284285714285715,6.295714285714285
2021-12-09,śląskie,Gliwice,2466,0.8472230851346239,8.58,15.235895147670986,2021-12-09,17.7049,7.487142857142857,7.759999999999999,7.824285714285714,7.784285714285714,8.001428571428571,8.162857142857144,7.938571428571429,8.042857142857143,8.14,8.437142857142858,8.332857142857142,8.468571428571428,8.331428571428571,8.395714285714286,8.58
2021-12-09,śląskie,Jastrzębie-Zdrój,2467,1.9309843476680524,9.37,11.010018401144958,2021-12-09,8.8038,7.318571428571429,7.4471428571428575,7.528571428571429,7.398571428571429,7.672857142857144,7.721428571428571,7.624285714285714,7.705714285714287,6.962857142857144,7.85142857142857,8.335714285714285,8.804285714285713,8.642857142857142,8.724285714285715,9.37
2021-12-09,śląskie,Jaworzno,2468,1.106586402266289,7.0842857142857145,11.126726274787536,2021-12-09,9.0368,5.274285714285715,5.825714285714286,6.251428571428572,6.659999999999999,7.258571428571428,7.274285714285715,7.321428571428571,7.258571428571429,7.321428571428571,7.352857142857142,7.132857142857142,7.29,7.274285714285715,7.651428571428572,7.0842857142857145
2021-12-09,śląskie,Katowice,2469,1.5143536635312662,7.997142857142857,18.00635340196109,2021-12-09,29.0553,6.381428571428572,6.670000000000002,6.835714285714287,7.301428571428572,7.272857142857143,7.512857142857143,7.36,7.688571428571429,7.840000000000001,7.898571428571429,8.015714285714285,8.049999999999999,7.854285714285715,7.967142857142858,7.997142857142857
2021-12-09,śląskie,Mysłowice,2470,0.6706098525999544,7.028571428571428,8.758164674955404,2021-12-09,7.4559,4.958571428571429,5.264285714285714,5.9157142857142855,6.107142857142857,6.414285714285716,6.261428571428572,6.357142857142857,6.452857142857143,6.089999999999999,5.974285714285714,6.185714285714286,6.185714285714286,6.4157142857142855,6.454285714285716,7.028571428571428
2021-12-09,śląskie,Piekary Śląskie,2471,2.55932141420789,8.202857142857143,12.791122810866147,2021-12-09,5.4702,5.234285714285714,5.728571428571428,6.092857142857143,6.51,6.978571428571428,7.1085714285714285,7.3428571428571425,6.978571428571429,6.665714285714286,6.90142857142857,7.109999999999999,7.37,7.135714285714286,7.161428571428572,8.202857142857143
2021-12-09,śląskie,Ruda Śląska,2472,1.0262199189286263,8.821428571428571,11.805194138818235,2021-12-09,13.6423,6.911428571428571,6.974285714285714,7.119999999999999,7.027142857142858,6.9957142857142856,7.037142857142856,6.964285714285714,7.412857142857143,7.308571428571428,7.412857142857142,7.652857142857142,8.08,8.3,8.821428571428571,8.821428571428571
2021-12-09,śląskie,Rybnik,2473,1.1667930692491686,7.55,8.780117846099994,2021-12-09,13.7128,5.890000000000001,6.522857142857141,6.71,6.948571428571429,6.658571428571429,6.824285714285715,7.041428571428573,7.268571428571429,7.341428571428572,7.382857142857143,7.445714285714287,7.85,7.932857142857144,7.777142857142858,7.55
2021-12-09,śląskie,Siemianowice Śląskie,2474,1.2071827372868569,7.615714285714286,16.108344650671494,2021-12-09,6.627,5.235714285714286,5.792857142857144,6.2,6.692857142857143,6.842857142857143,6.971428571428572,6.992857142857142,7.078571428571429,7.057142857142858,7.1000000000000005,7.121428571428573,6.65,7.058571428571429,7.08,7.615714285714286
2021-12-09,śląskie,Sosnowiec,2475,1.3158827042401788,6.561428571428571,16.936928729768304,2021-12-09,19.7586,5.727142857142858,5.964285714285714,5.921428571428572,6.625714285714285,6.2957142857142845,6.402857142857143,6.525714285714286,6.497142857142856,6.382857142857143,6.805714285714286,6.561428571428572,6.734285714285713,6.577142857142856,6.418571428571428,6.561428571428571
2021-12-09,śląskie,Świętochłowice,2476,1.0181640465911868,7.98857142857143,8.206402215524966,2021-12-09,4.9108,5.124285714285714,5.76,6.192857142857144,6.771428571428572,6.712857142857144,6.395714285714285,6.974285714285715,7.0614285714285705,7.004285714285714,7.062857142857142,7.121428571428572,7.15,7.844285714285713,7.525714285714286,7.98857142857143
2021-12-09,śląskie,Tychy,2477,1.1823032844385242,7.720000000000001,9.6948869323959,2021-12-09,12.6871,5.182857142857143,5.564285714285715,5.968571428571429,6.44,6.451428571428571,6.631428571428572,7.047142857142858,7.282857142857144,6.822857142857143,6.912857142857143,6.867142857142858,7.428571428571431,7.562857142857142,7.281428571428572,7.720000000000001
2021-12-09,śląskie,Zabrze,2478,1.4041328309658092,7.114285714285714,9.485502328520278,2021-12-09,17.0924,5.748571428571429,5.341428571428572,5.491428571428571,5.325714285714286,5.484285714285716,5.592857142857143,5.592857142857143,5.667142857142857,6.540000000000001,6.3742857142857146,7.231428571428572,6.99,7.055714285714286,7.264285714285715,7.114285714285714
2021-12-09,śląskie,Żory,2479,1.750365985615174,10.35,8.952326395519064,2021-12-09,6.2844,7.431428571428571,7.7957142857142845,7.910000000000001,8.342857142857143,8.092857142857143,8.685714285714287,9.21,8.845714285714285,8.868571428571428,9.232857142857142,9.095714285714283,9.62,9.505714285714287,9.734285714285711,10.35
2021-12-09,świętokrzyskie,Buski,2601,1.40597539543058,3.32,6.243936731107206,2021-12-09,7.1125,2.36,2.6,3.099999999999999,3.28,2.9600000000000004,2.8200000000000003,3.22,3.3600000000000003,3.16,2.8000000000000003,3.22,3.3000000000000003,3.64,3.38,3.32
2021-12-09,świętokrzyskie,Jędrzejowski,2602,1.1777453243510625,3.454285714285714,8.785980119658925,2021-12-09,8.4908,2.2971428571428567,2.414285714285714,2.3642857142857143,2.682857142857143,2.9185714285714286,2.7342857142857144,2.7,3.0700000000000003,3.104285714285715,2.97,3.1542857142857144,3.0871428571428576,3.1871428571428573,3.321428571428572,3.454285714285714
2021-12-09,świętokrzyskie,Kazimierski,2603,1.1997600479904018,3.752857142857143,6.913617276544692,2021-12-09,3.334,1.92,1.9628571428571429,2.005714285714286,1.9628571428571429,1.9628571428571424,1.877142857142857,2.0485714285714285,2.731428571428572,3.0728571428571425,3.072857142857143,3.072857142857143,2.944285714285715,4.224285714285715,4.052857142857143,3.752857142857143
2021-12-09,świętokrzyskie,Kielecki,2604,0.6635322666262228,4.464285714285714,5.21583756730113,2021-12-09,21.0992,3.1657142857142864,3.2728571428571427,3.434285714285714,3.7857142857142856,3.941428571428572,3.8871428571428575,3.8271428571428574,3.988571428571429,4.002857142857143,4.098571428571428,4.105714285714286,4.064285714285714,4.214285714285714,4.288571428571428,4.464285714285714
2021-12-09,świętokrzyskie,Konecki,2605,0.632335087009308,2.7671428571428573,7.340145690004047,2021-12-09,7.9072,1.8857142857142857,1.9214285714285717,2.1014285714285714,2.335714285714286,2.442857142857143,2.3714285714285714,2.281428571428572,2.3885714285714283,2.64,2.801428571428571,2.801428571428571,2.7657142857142856,2.7114285714285717,2.782857142857143,2.7671428571428573
2021-12-09,świętokrzyskie,Opatowski,2606,1.7467248908296944,4.08,6.156234837457545,2021-12-09,5.1525,3.61,4.271428571428571,4.382857142857142,4.051428571428572,3.941428571428571,3.8028571428571434,4.298571428571429,4.462857142857144,4.242857142857143,4.159999999999999,4.601428571428571,4.794285714285714,4.8500000000000005,4.354285714285715,4.08
2021-12-09,świętokrzyskie,Ostrowiecki,2607,1.1140923396867544,4.571428571428571,11.634837667462005,2021-12-09,10.7711,4.281428571428571,4.755714285714286,4.715714285714285,4.768571428571428,4.412857142857144,4.571428571428571,4.73,4.928571428571429,4.822857142857143,4.757142857142857,4.717142857142858,4.941428571428571,4.704285714285715,4.73,4.571428571428571
2021-12-09,świętokrzyskie,Pińczowski,2608,1.558967963208356,3.064285714285714,6.519084366149609,2021-12-09,3.8487,1.8471428571428576,2.217142857142857,2.4385714285714286,2.697142857142857,2.475714285714285,2.511428571428571,2.4371428571428573,3.174285714285714,3.062857142857143,2.8042857142857147,2.841428571428572,3.174285714285715,3.174285714285714,3.3957142857142864,3.064285714285714
2021-12-09,świętokrzyskie,Sandomierski,2609,0.654913158515181,5.252857142857143,8.296439892070312,2021-12-09,7.6346,4.357142857142857,4.6000000000000005,4.264285714285714,5.028571428571428,5.41857142857143,5.101428571428571,5.622857142857143,5.659999999999999,5.92,6.311428571428572,5.90142857142857,5.94,6.145714285714286,5.661428571428572,5.252857142857143
2021-12-09,świętokrzyskie,Skarżyski,2610,1.5034922023427142,4.214285714285714,10.129437010510776,2021-12-09,7.3163,5.3,5.475714285714285,5.301428571428572,5.36,4.971428571428571,4.951428571428571,5.145714285714286,4.524285714285715,4.34857142857143,4.232857142857144,4.291428571428571,4.485714285714286,4.505714285714285,4.078571428571428,4.214285714285714
2021-12-09,świętokrzyskie,Starachowicki,2611,3.5008865148110084,4.758571428571429,7.277326677884561,2021-12-09,8.8549,5.737142857142857,5.994285714285715,5.69,5.769999999999999,5.7057142857142855,5.465714285714285,5.481428571428572,5.481428571428572,5.0,5.304285714285714,4.967142857142858,5.158571428571428,5.287142857142858,4.854285714285715,4.758571428571429
2021-12-09,świętokrzyskie,Staszowski,2612,0.9824561403508772,4.41,4.828070175438596,2021-12-09,7.125,3.431428571428572,3.671428571428572,3.87,4.3500000000000005,4.45,4.45,4.67,4.71,4.769999999999999,4.910000000000001,4.83,4.79,4.990000000000001,4.590000000000001,4.41
2021-12-09,świętokrzyskie,Włoszczowski,2613,0.8939945913327224,3.88,8.975705696980532,2021-12-09,4.4743,2.512857142857143,2.3528571428571428,2.544285714285714,2.8942857142857146,2.894285714285714,2.64,3.084285714285714,2.9885714285714284,3.4657142857142853,3.72,3.7514285714285713,3.782857142857143,3.878571428571429,3.084285714285714,3.88
2021-12-09,świętokrzyskie,Kielce,2661,1.75787813768322,5.097142857142857,15.986350593283872,2021-12-09,19.3415,3.861428571428572,3.9642857142857135,4.265714285714286,4.604285714285715,4.471428571428572,4.515714285714286,4.758571428571429,5.082857142857143,5.038571428571429,5.002857142857143,4.921428571428572,5.01,5.222857142857143,4.972857142857143,5.097142857142857
2021-12-09,warmińsko-mazurskie,Bartoszycki,2801,1.2375800007071889,4.142857142857143,10.46462289169407,2021-12-09,5.6562,2.9885714285714284,2.7628571428571425,2.8885714285714283,3.0642857142857145,2.9885714285714284,2.9371428571428573,3.1385714285714283,3.3142857142857145,3.841428571428572,3.715714285714285,3.665714285714286,3.9414285714285713,3.841428571428572,3.891428571428571,4.142857142857143
2021-12-09,warmińsko-mazurskie,Braniewski,2802,1.4714537963507943,5.898571428571429,7.406317441632333,2021-12-09,4.0776,4.99,4.257142857142857,5.094285714285713,5.512857142857143,5.024285714285715,4.640000000000001,4.221428571428571,4.605714285714286,4.397142857142858,4.292857142857143,4.188571428571429,4.851428571428571,5.061428571428571,5.201428571428571,5.898571428571429
2021-12-09,warmińsko-mazurskie,Działdowski,2803,1.8527667984189724,5.235714285714286,9.44911067193676,2021-12-09,6.4768,3.142857142857143,3.45,3.4285714285714284,3.605714285714285,3.495714285714285,3.5828571428571427,3.5828571428571427,3.7371428571428567,3.715714285714285,3.87,3.87,4.244285714285715,4.222857142857142,4.861428571428571,5.235714285714286
2021-12-09,warmińsko-mazurskie,Elbląski,2804,1.7548169725897589,4.781428571428571,4.546730775980065,2021-12-09,5.6986,4.78,4.104285714285714,4.23,4.957142857142856,4.607142857142857,4.332857142857143,4.182857142857143,3.7828571428571434,3.907142857142857,4.558571428571428,3.881428571428572,4.607142857142857,4.707142857142857,4.481428571428572,4.781428571428571
2021-12-09,warmińsko-mazurskie,Ełcki,2805,3.3918704524317524,5.067142857142857,7.848350566223535,2021-12-09,9.1395,8.015714285714285,7.968571428571429,7.079999999999999,6.892857142857144,7.281428571428572,7.359999999999999,6.751428571428572,6.564285714285714,5.332857142857143,5.551428571428572,5.441428571428572,5.348571428571428,5.098571428571428,5.035714285714286,5.067142857142857
2021-12-09,warmińsko-mazurskie,Giżycki,2806,1.9563554875771427,8.854285714285714,8.058406103829121,2021-12-09,5.6227,6.427142857142857,6.628571428571428,7.538571428571429,8.525714285714285,9.335714285714284,9.411428571428573,9.992857142857144,10.194285714285714,10.54857142857143,9.84,9.105714285714283,8.498571428571429,8.524285714285714,8.854285714285712,8.854285714285714
2021-12-09,warmińsko-mazurskie,Iławski,2807,2.158801433444152,6.171428571428571,6.6652994257588185,2021-12-09,9.2644,4.062857142857142,4.031428571428571,4.508571428571428,4.724285714285714,4.892857142857143,4.892857142857143,5.247142857142856,5.231428571428572,5.555714285714286,5.478571428571429,5.817142857142857,5.7871428571428565,5.9871428571428575,5.864285714285714,6.171428571428571
2021-12-09,warmińsko-mazurskie,Kętrzyński,2808,0.4856569319432752,4.304285714285714,9.599818688078742,2021-12-09,6.1772,2.6,2.807142857142857,2.8300000000000005,2.991428571428571,3.084285714285714,3.177142857142857,3.154285714285714,3.04,3.017142857142857,3.224285714285714,3.131428571428571,3.222857142857143,3.268571428571429,3.4985714285714287,4.304285714285714
2021-12-09,warmińsko-mazurskie,Lidzbarski,2809,1.9582884558895524,3.724285714285714,7.590815627141876,2021-12-09,4.0852,3.131428571428572,3.375714285714286,3.481428571428572,3.481428571428571,3.2385714285714284,3.1685714285714286,3.1685714285714286,3.5171428571428573,3.517142857142857,3.307142857142857,3.3071428571428565,3.3071428571428565,3.377142857142857,3.621428571428571,3.724285714285714
2021-12-09,warmińsko-mazurskie,Mrągowski,2810,1.4158862436537956,8.342857142857143,6.784117801735472,2021-12-09,4.9439,6.330000000000001,6.3014285714285725,6.675714285714285,6.732857142857142,6.531428571428572,6.645714285714285,7.394285714285714,7.192857142857143,7.565714285714286,7.307142857142857,7.652857142857142,7.767142857142857,7.854285714285713,7.681428571428571,8.342857142857143
2021-12-09,warmińsko-mazurskie,Nidzicki,2811,1.2255652919909308,3.62,12.33531466388872,2021-12-09,3.2638,2.007142857142857,2.138571428571429,2.4442857142857144,2.487142857142857,2.355714285714285,2.6171428571428565,2.748571428571428,2.748571428571428,3.097142857142857,3.1842857142857146,3.49,3.664285714285714,3.402857142857143,3.4900000000000007,3.62
2021-12-09,warmińsko-mazurskie,Nowomiejski,2812,0.4574460785434917,6.071428571428571,6.697010589876719,2021-12-09,4.3721,4.242857142857143,4.275714285714285,4.635714285714286,4.505714285714285,4.441428571428571,4.474285714285714,4.734285714285714,4.994285714285714,4.732857142857143,4.601428571428571,5.124285714285714,5.352857142857142,5.45,5.548571428571429,6.071428571428571
2021-12-09,warmińsko-mazurskie,Olecki,2813,2.353425705292266,5.705714285714286,5.648221692701439,2021-12-09,3.3993,5.494285714285715,5.747142857142857,4.572857142857144,5.159999999999999,5.034285714285714,5.077142857142857,4.28,4.825714285714286,3.692857142857143,4.531428571428571,4.07,4.867142857142857,4.74,4.782857142857142,5.705714285714286
2021-12-09,warmińsko-mazurskie,Olsztyński,2814,0.7840431537351815,7.344285714285715,7.186539547136674,2021-12-09,12.7544,5.47,5.525714285714287,5.582857142857143,5.615714285714285,5.548571428571428,5.469999999999999,5.682857142857143,6.132857142857143,6.257142857142858,6.391428571428572,6.391428571428572,6.604285714285715,6.75,6.884285714285714,7.344285714285715
2021-12-09,warmińsko-mazurskie,Ostródzki,2815,0.3865033046032544,5.625714285714286,5.5550187454102735,2021-12-09,10.3492,3.851428571428571,3.932857142857143,4.042857142857143,4.14,4.098571428571429,4.221428571428571,4.827142857142857,4.991428571428571,5.761428571428572,5.981428571428572,6.091428571428572,6.352857142857144,6.105714285714286,6.091428571428572,5.625714285714286
2021-12-09,warmińsko-mazurskie,Piski,2816,0.8955277344939372,4.62,9.71647591925922,2021-12-09,5.5833,4.161428571428572,4.391428571428571,4.341428571428572,4.442857142857143,4.597142857142857,4.597142857142857,5.132857142857143,5.082857142857143,5.134285714285714,4.98,4.878571428571428,4.749999999999999,4.774285714285713,4.748571428571428,4.62
2021-12-09,warmińsko-mazurskie,Szczycieński,2817,2.7500759889418,7.714285714285714,8.636686013692483,2021-12-09,6.9089,6.414285714285714,7.095714285714286,7.672857142857143,7.961428571428572,8.291428571428572,8.147142857142857,7.982857142857142,8.395714285714286,8.704285714285714,8.58,8.848571428571429,8.54,8.622857142857143,8.374285714285715,7.714285714285714
2021-12-09,warmińsko-mazurskie,Gołdapski,2818,2.642606364906188,3.5957142857142856,8.845181018535998,2021-12-09,2.6489,5.634285714285714,5.848571428571428,4.881428571428572,5.58,6.117142857142857,5.527142857142857,4.454285714285715,4.614285714285714,3.38,3.862857142857143,3.111428571428572,2.8428571428571425,2.628571428571429,2.8428571428571425,3.5957142857142856
2021-12-09,warmińsko-mazurskie,Węgorzewski,2819,0.8911067545891997,6.268571428571428,9.85564070575655,2021-12-09,2.2444,4.748571428571428,5.571428571428571,6.584285714285714,6.648571428571429,6.775714285714286,6.2700000000000005,6.777142857142857,7.157142857142858,6.714285714285714,6.714285714285715,6.650000000000001,6.397142857142858,6.460000000000001,6.332857142857143,6.268571428571428
2021-12-09,warmińsko-mazurskie,Elbląg,2861,2.192575601693343,7.615714285714286,11.933514361370191,2021-12-09,11.8582,7.555714285714286,7.267142857142857,6.762857142857143,7.231428571428572,6.775714285714286,6.847142857142857,7.422857142857142,6.9557142857142855,6.417142857142857,7.101428571428571,6.657142857142857,7.340000000000001,7.46,6.597142857142858,7.615714285714286
2021-12-09,warmińsko-mazurskie,Olsztyn,2862,0.7591285204585136,6.65,18.05149227148772,2021-12-09,17.1249,7.191428571428571,7.439999999999999,7.547142857142857,7.497142857142856,7.081428571428572,7.222857142857143,6.932857142857143,7.365714285714286,7.25,7.258571428571429,7.117142857142858,7.25,7.15,7.324285714285715,6.65
2021-12-09,wielkopolskie,Chodzieski,3001,0.4271313856142149,5.355714285714286,9.14274730907227,2021-12-09,4.6824,4.015714285714286,3.65,2.7671428571428573,3.620000000000001,3.954285714285714,3.924285714285714,3.4057142857142857,4.167142857142857,4.319999999999999,5.264285714285714,4.228571428571429,4.685714285714286,4.655714285714287,4.9,5.355714285714286
2021-12-09,wielkopolskie,Czarnkowsko-Trzcianecki,3002,0.6929206605843631,5.114285714285715,9.647765330869616,2021-12-09,8.659,2.8314285714285714,2.9457142857142857,3.0271428571428567,3.224285714285714,3.3714285714285714,3.47,3.568571428571429,3.634285714285714,3.782857142857144,4.325714285714286,4.424285714285714,4.7700000000000005,4.785714285714286,4.95,5.114285714285715
2021-12-09,wielkopolskie,Gnieźnieński,3003,0.7582650894752806,5.412857142857143,10.373066424021838,2021-12-09,14.5068,4.021428571428571,4.178571428571429,4.414285714285714,4.384285714285714,4.521428571428571,4.6000000000000005,4.717142857142858,5.109999999999999,5.404285714285714,5.61,5.875714285714285,5.708571428571429,5.894285714285714,5.787142857142858,5.412857142857143
2021-12-09,wielkopolskie,Gostyński,3004,1.1884012042465537,5.514285714285713,8.879997887286748,2021-12-09,7.5732,4.63,4.404285714285714,4.572857142857143,4.63,4.648571428571429,4.724285714285714,4.8185714285714285,4.16,4.422857142857143,5.251428571428571,5.307142857142857,5.118571428571428,5.212857142857142,5.062857142857142,5.514285714285713
2021-12-09,wielkopolskie,Grodziski,3005,1.1554237516609216,6.574285714285714,4.67176336921566,2021-12-09,5.1929,4.731428571428571,4.951428571428571,4.511428571428572,4.814285714285715,4.7871428571428565,4.7871428571428565,4.567142857142857,4.897142857142858,4.76,5.777142857142858,5.53,6.437142857142857,6.381428571428572,6.462857142857144,6.574285714285714
2021-12-09,wielkopolskie,Jarociński,3006,0.7000350017500875,5.732857142857142,7.159957997899895,2021-12-09,7.1425,3.257142857142857,3.217142857142857,3.217142857142857,3.057142857142857,3.557142857142857,3.617142857142857,3.6571428571428575,3.197142857142857,3.217142857142857,3.697142857142857,4.135714285714286,4.474285714285714,4.094285714285714,4.414285714285714,5.732857142857142
2021-12-09,wielkopolskie,Kaliski,3007,1.0855013206932735,5.161428571428571,4.715900182123,2021-12-09,8.2911,2.03,2.4771428571428578,2.8385714285714285,3.268571428571428,3.424285714285714,3.4928571428571424,3.545714285714286,3.855714285714286,3.7514285714285713,4.042857142857143,4.111428571428571,4.368571428571428,4.575714285714286,4.988571428571428,5.161428571428571
2021-12-09,wielkopolskie,Kępiński,3008,2.486766847845394,4.8100000000000005,5.23642047674873,2021-12-09,5.6298,3.0885714285714285,3.62,3.317142857142857,4.127142857142857,4.33,4.38,4.887142857142856,4.582857142857143,3.95,4.505714285714285,3.5942857142857148,3.72,3.67,3.4414285714285717,4.8100000000000005
2021-12-09,wielkopolskie,Kolski,3009,0.8129325962744461,3.4857142857142853,6.777535188368096,2021-12-09,8.6108,3.22,3.187142857142857,3.551428571428571,3.75,3.501428571428572,3.370000000000001,3.37,3.04,3.14,3.09,2.941428571428571,3.207142857142857,3.157142857142857,3.255714285714286,3.4857142857142853
2021-12-09,wielkopolskie,Koniński,3010,0.4618795418154945,4.967142857142856,5.367040275896047,2021-12-09,12.9904,4.185714285714286,4.515714285714286,4.735714285714287,4.768571428571428,4.812857142857142,4.824285714285714,4.627142857142857,5.021428571428572,4.888571428571429,4.614285714285714,4.89,4.702857142857142,4.702857142857143,4.822857142857144,4.967142857142856
2021-12-09,wielkopolskie,Kościański,3011,1.1411761722415237,4.297142857142857,8.27986711637461,2021-12-09,7.8866,3.1785714285714284,3.412857142857143,3.395714285714285,3.575714285714285,3.54,3.701428571428571,3.394285714285714,3.611428571428571,3.594285714285714,3.937142857142857,4.027142857142857,4.55,4.478571428571429,4.677142857142857,4.297142857142857
2021-12-09,wielkopolskie,Krotoszyński,3012,0.259747006415751,4.608571428571429,7.595002467596561,2021-12-09,7.6998,3.2585714285714285,3.48,3.442857142857143,3.4785714285714286,3.644285714285714,3.8471428571428574,4.014285714285714,4.125714285714286,3.997142857142857,4.201428571428571,4.147142857142856,4.221428571428571,4.147142857142858,4.312857142857142,4.608571428571429
2021-12-09,wielkopolskie,Leszczyński,3013,2.072145188306194,5.734285714285714,3.448394950872891,2021-12-09,5.7911,4.841428571428572,5.461428571428572,5.884285714285714,5.611428571428571,5.61142857142857,5.635714285714286,5.785714285714286,5.884285714285715,5.362857142857143,4.965714285714285,5.04,5.212857142857142,5.337142857142857,5.038571428571428,5.734285714285714
2021-12-09,wielkopolskie,Międzychodzki,3014,0.2729779160865886,5.725714285714285,7.736194141893921,2021-12-09,3.6633,2.8428571428571425,3.3485714285714288,3.62,3.931428571428572,3.775714285714286,3.775714285714285,3.852857142857143,4.048571428571428,3.8542857142857136,4.438571428571429,4.244285714285714,4.361428571428571,4.284285714285714,4.635714285714286,5.725714285714285
2021-12-09,wielkopolskie,Nowotomyski,3015,0.7939028262940616,7.7385714285714275,7.457393881655552,2021-12-09,7.5576,5.170000000000001,5.51,5.604285714285715,5.435714285714285,6.021428571428571,5.871428571428572,5.8342857142857145,5.061428571428571,5.8742857142857146,6.478571428571429,6.742857142857145,7.7614285714285725,7.892857142857144,7.344285714285715,7.7385714285714275
2021-12-09,wielkopolskie,Obornicki,3016,1.0029922602430583,6.661428571428571,13.699202621153107,2021-12-09,5.9821,3.1499999999999995,3.2942857142857145,3.367142857142857,3.988571428571429,4.680000000000001,4.751428571428572,4.441428571428571,4.5857142857142845,5.087142857142857,5.372857142857143,5.23,6.232857142857143,6.352857142857142,6.877142857142857,6.661428571428571
2021-12-09,wielkopolskie,Ostrowski,3017,0.6817181777053366,4.925714285714286,8.641087774314098,2021-12-09,16.1357,4.305714285714286,4.340000000000001,4.72,5.135714285714285,5.207142857142856,5.481428571428572,5.314285714285715,4.987142857142857,5.111428571428571,5.102857142857142,4.634285714285714,4.819999999999999,4.615714285714286,4.934285714285714,4.925714285714286
2021-12-09,wielkopolskie,Ostrzeszowski,3018,1.4475707952592056,4.612857142857143,7.862118881751559,2021-12-09,5.5265,3.994285714285713,3.71,4.225714285714285,4.8185714285714285,4.484285714285715,4.33,4.381428571428572,3.8657142857142857,5.128571428571428,4.225714285714285,4.174285714285714,4.947142857142857,4.998571428571429,4.972857142857143,4.612857142857143
2021-12-09,wielkopolskie,Pilski,3019,0.885759206359751,7.1485714285714295,8.648700517431003,2021-12-09,13.5477,4.8357142857142845,5.024285714285715,5.140000000000001,5.517142857142858,5.748571428571429,5.717142857142858,5.717142857142856,6.168571428571428,6.557142857142857,6.925714285714285,6.862857142857143,7.178571428571429,7.115714285714285,7.157142857142857,7.1485714285714295
2021-12-09,wielkopolskie,Pleszewski,3020,0.9559772477415036,4.9,9.559772477415038,2021-12-09,6.2763,2.358571428571429,2.7214285714285715,3.152857142857143,3.7199999999999993,3.855714285714285,4.172857142857143,3.855714285714285,4.105714285714286,4.628571428571428,4.72,5.038571428571428,5.197142857142857,4.992857142857143,4.9471428571428575,4.9
2021-12-09,wielkopolskie,Poznański,3021,0.5656804151602352,9.712857142857144,8.502176639858334,2021-12-09,40.659,7.722857142857144,7.9,8.417142857142858,8.48857142857143,8.588571428571427,8.727142857142857,8.76142857142857,9.254285714285714,9.37857142857143,9.215714285714286,9.19,9.348571428571429,9.5,9.677142857142858,9.712857142857144
2021-12-09,wielkopolskie,Rawicki,3022,1.329168605037549,5.4071428571428575,8.83398684123081,2021-12-09,6.0188,3.865714285714285,3.628571428571429,3.961428571428572,3.9842857142857135,3.8657142857142857,4.007142857142857,4.362857142857143,4.268571428571429,4.554285714285713,4.554285714285713,4.79142857142857,5.147142857142858,5.147142857142858,5.265714285714286,5.4071428571428575
2021-12-09,wielkopolskie,Słupecki,3023,2.2049220644854897,7.045714285714285,7.958072558896861,2021-12-09,5.8959,4.864285714285715,5.107142857142857,5.325714285714286,5.277142857142858,5.518571428571429,5.638571428571429,5.954285714285716,6.510000000000001,6.534285714285716,6.534285714285715,6.704285714285715,6.5600000000000005,6.415714285714286,5.931428571428571,7.045714285714285
2021-12-09,wielkopolskie,Szamotulski,3024,1.0899776554580631,5.591428571428572,9.337838574309227,2021-12-09,9.1745,5.111428571428571,5.220000000000001,5.405714285714287,5.95,6.167142857142857,6.198571428571428,5.918571428571428,6.15142857142857,6.587142857142857,6.401428571428572,6.012857142857143,5.967142857142856,5.951428571428571,6.604285714285715,5.591428571428572
2021-12-09,wielkopolskie,Średzki,3025,1.6906456575766284,6.704285714285715,9.264738203519924,2021-12-09,5.9149,4.792857142857143,4.671428571428572,4.671428571428572,5.01,5.131428571428572,5.131428571428572,5.275714285714286,5.855714285714287,6.291428571428571,6.654285714285714,6.945714285714286,6.97,7.018571428571429,7.188571428571429,6.704285714285715
2021-12-09,wielkopolskie,Śremski,3026,1.6262278019905028,7.904285714285714,6.576465231249593,2021-12-09,6.1492,6.717142857142858,6.6014285714285705,7.158571428571428,7.11142857142857,6.90142857142857,7.134285714285714,7.344285714285713,6.9957142857142856,7.437142857142858,7.717142857142856,7.554285714285713,8.647142857142857,8.554285714285713,8.577142857142857,7.904285714285714
2021-12-09,wielkopolskie,Turecki,3027,0.5980932786277348,3.4257142857142857,6.336200193782222,2021-12-09,8.3599,3.1700000000000004,2.864285714285714,3.12,3.205714285714285,3.4957142857142856,3.1557142857142857,3.0357142857142856,2.78,2.814285714285714,2.5928571428571425,3.1885714285714286,2.967142857142857,3.0000000000000004,3.171428571428572,3.4257142857142857
2021-12-09,wielkopolskie,Wągrowiecki,3028,1.4266149280986076,4.680000000000001,4.014494407669482,2021-12-09,7.0096,3.257142857142857,3.765714285714286,3.644285714285714,4.111428571428571,4.252857142857143,4.252857142857143,4.069999999999999,4.272857142857143,4.475714285714286,4.841428571428572,4.312857142857143,5.107142857142857,5.045714285714285,5.085714285714287,4.680000000000001
2021-12-09,wielkopolskie,Wolsztyński,3029,3.482439797322004,5.711428571428571,10.332398878654386,2021-12-09,5.7431,5.71,5.785714285714286,5.562857142857142,5.86,6.058571428571429,6.1085714285714285,6.0842857142857145,6.381428571428572,6.281428571428571,6.405714285714285,5.785714285714286,6.182857142857142,6.1085714285714285,6.1085714285714285,5.711428571428571
2021-12-09,wielkopolskie,Wrzesiński,3030,0.7688660507195305,6.511428571428572,9.25330292040955,2021-12-09,7.8037,4.812857142857142,5.178571428571429,5.305714285714286,5.488571428571428,5.78142857142857,6.275714285714285,6.147142857142858,6.128571428571429,6.0200000000000005,5.855714285714286,6.074285714285715,6.311428571428571,5.927142857142856,6.091428571428572,6.511428571428572
2021-12-09,wielkopolskie,Złotowski,3031,0.7229507959688264,5.65,6.7697112534520905,2021-12-09,6.9161,4.784285714285715,4.928571428571429,5.422857142857144,5.340000000000001,5.278571428571429,5.25857142857143,5.32,5.835714285714286,5.855714285714286,5.814285714285715,5.897142857142858,5.67,6.0,6.061428571428571,5.65
2021-12-09,wielkopolskie,Kalisz,3061,0.7063144511936714,4.884285714285714,13.056727140637298,2021-12-09,9.9106,1.9185714285714288,2.19,2.52,2.907142857142857,3.278571428571429,3.378571428571429,3.4214285714285717,3.45,3.5642857142857145,3.878571428571429,3.9214285714285713,4.065714285714285,4.267142857142857,4.554285714285714,4.884285714285714
2021-12-09,wielkopolskie,Konin,3062,2.06785315485463,6.20857142857143,17.430623526654628,2021-12-09,7.2539,4.804285714285714,5.115714285714286,5.507142857142857,5.741428571428571,5.858571428571429,5.721428571428572,5.701428571428572,5.818571428571429,6.034285714285714,6.034285714285715,5.76,5.487142857142857,5.545714285714285,5.682857142857143,6.20857142857143
2021-12-09,wielkopolskie,Leszno,3063,1.909186368409329,6.838571428571428,11.076462914054794,2021-12-09,6.2854,7.197142857142857,7.422857142857142,7.558571428571428,7.627142857142857,7.288571428571428,7.332857142857143,7.287142857142856,7.264285714285715,6.700000000000001,6.384285714285715,6.5200000000000005,6.791428571428573,6.724285714285714,6.364285714285714,6.838571428571428
2021-12-09,wielkopolskie,Poznań,3064,0.770607163263465,8.902857142857142,23.60896009382612,2021-12-09,53.2048,7.978571428571429,8.15857142857143,8.370000000000001,8.578571428571427,8.549999999999999,8.518571428571429,8.625714285714286,8.678571428571429,8.538571428571428,8.69142857142857,8.852857142857141,8.629999999999999,8.73142857142857,8.712857142857144,8.902857142857142
2021-12-09,zachodniopomorskie,Białogardzki,3201,0.6341958396752917,5.42,9.707424319296464,2021-12-09,4.7304,7.948571428571429,8.040000000000001,8.07,8.311428571428571,7.618571428571428,6.955714285714286,6.9557142857142855,7.317142857142858,6.562857142857143,6.381428571428572,5.508571428571429,5.6000000000000005,6.352857142857144,6.021428571428571,5.42
2021-12-09,zachodniopomorskie,Choszczeński,3202,0.6253908692933083,3.837142857142857,11.459245361684388,2021-12-09,4.797,3.7171428571428575,3.2114285714285717,3.48,3.7771428571428567,3.2114285714285717,3.3300000000000005,3.1214285714285714,3.39,3.36,3.687142857142857,3.8957142857142855,3.837142857142857,3.718571428571429,3.807142857142857,3.837142857142857
2021-12-09,zachodniopomorskie,Drawski,3203,1.2393328848128606,5.605714285714286,11.685138628235544,2021-12-09,5.6482,4.725714285714285,4.1971428571428575,4.147142857142858,4.674285714285714,4.6000000000000005,4.424285714285714,4.55,4.977142857142858,5.228571428571429,5.58,5.605714285714285,5.304285714285713,5.43,5.430000000000001,5.605714285714286
2021-12-09,zachodniopomorskie,Goleniowski,3204,0.7289515247236059,7.3357142857142845,7.206900741100717,2021-12-09,8.231,5.047142857142857,5.375714285714285,5.7057142857142855,6.155714285714285,6.207142857142856,6.067142857142858,6.482857142857143,6.985714285714287,6.985714285714287,7.002857142857143,6.915714285714286,7.090000000000001,7.35142857142857,6.762857142857143,7.3357142857142845
2021-12-09,zachodniopomorskie,Gryficki,3205,1.503910166432725,4.024285714285715,5.382327384533119,2021-12-09,5.9844,5.188571428571429,4.497142857142857,4.617142857142857,4.378571428571428,4.401428571428572,4.352857142857142,4.471428571428572,4.377142857142856,4.734285714285714,4.5200000000000005,4.33,4.662857142857143,4.592857142857143,4.308571428571429,4.024285714285715
2021-12-09,zachodniopomorskie,Gryfiński,3206,1.10716087047448,7.912857142857143,8.50545584273395,2021-12-09,8.1289,6.055714285714286,5.862857142857144,5.758571428571429,6.458571428571427,6.861428571428571,7.317142857142857,7.002857142857144,7.721428571428571,8.054285714285715,8.964285714285714,8.194285714285714,7.897142857142859,7.721428571428571,8.29857142857143,7.912857142857143
2021-12-09,zachodniopomorskie,Kamieński,3207,0.2141694508695279,4.875714285714285,13.070761586567292,2021-12-09,4.6692,2.9257142857142857,2.987142857142857,3.4742857142857138,4.084285714285714,4.328571428571428,3.992857142857143,3.992857142857143,4.847142857142857,4.938571428571429,4.694285714285714,3.992857142857143,4.3585714285714285,4.662857142857143,4.48,4.875714285714285
2021-12-09,zachodniopomorskie,Kołobrzeski,3208,2.648171500630517,5.434285714285714,11.99873896595208,2021-12-09,7.93,6.155714285714287,6.047142857142857,6.262857142857143,6.568571428571429,6.5857142857142845,6.621428571428571,6.747142857142856,6.494285714285715,6.242857142857142,5.901428571428572,5.865714285714286,5.865714285714286,6.010000000000001,5.739999999999999,5.434285714285714
2021-12-09,zachodniopomorskie,Koszaliński,3209,1.0525524396661905,6.8985714285714295,5.656717540034584,2021-12-09,6.6505,8.857142857142858,8.857142857142858,9.051428571428572,8.320000000000002,8.512857142857143,8.254285714285714,8.404285714285715,8.768571428571429,8.317142857142857,8.05857142857143,8.037142857142857,7.628571428571428,7.542857142857144,7.7142857142857135,6.8985714285714295
2021-12-09,zachodniopomorskie,Myśliborski,3210,0.7648417542410475,6.198571428571428,8.114971012497515,2021-12-09,6.5373,3.4928571428571438,3.7771428571428567,3.951428571428571,4.082857142857143,4.258571428571428,3.9528571428571424,4.564285714285714,4.717142857142856,5.218571428571428,5.611428571428571,6.331428571428573,6.3742857142857146,6.33,6.177142857142857,6.198571428571428
2021-12-09,zachodniopomorskie,Policki,3211,0.8580113747793685,9.055714285714286,9.57908413414395,2021-12-09,8.1584,9.707142857142856,9.847142857142858,10.884285714285712,11.30714285714286,10.78,11.078571428571433,10.392857142857142,10.005714285714284,10.93857142857143,9.26857142857143,9.074285714285717,8.88,9.320000000000002,9.44285714285714,9.055714285714286
2021-12-09,zachodniopomorskie,Pyrzycki,3212,1.2754451303504923,5.8585714285714285,8.749553594204377,2021-12-09,3.9202,4.659999999999999,5.022857142857142,4.95,5.095714285714286,4.914285714285714,4.805714285714286,4.732857142857143,4.368571428571428,4.659999999999999,4.478571428571429,4.951428571428572,4.914285714285716,5.058571428571428,5.312857142857142,5.8585714285714285
2021-12-09,zachodniopomorskie,Sławieński,3213,2.330709790773975,4.668571428571428,8.983989816591068,2021-12-09,5.5777,5.202857142857143,5.228571428571429,5.611428571428571,4.464285714285714,5.077142857142857,5.18,5.332857142857144,5.384285714285714,5.2057142857142855,4.822857142857143,5.204285714285713,4.948571428571428,4.795714285714285,4.7700000000000005,4.668571428571428
2021-12-09,zachodniopomorskie,Stargardzki,3214,0.9156594412812572,6.575714285714286,10.328638497652582,2021-12-09,12.0132,4.815714285714285,4.732857142857143,5.838571428571429,5.445714285714284,6.052857142857143,6.255714285714286,5.887142857142857,6.957142857142857,7.147142857142856,6.695714285714287,6.802857142857143,6.992857142857143,6.957142857142857,6.742857142857143,6.575714285714286
2021-12-09,zachodniopomorskie,Szczecinecki,3215,1.0354914701390148,6.035714285714286,12.055709441093478,2021-12-09,7.7258,4.854285714285714,4.8357142857142845,5.075714285714286,5.297142857142857,5.482857142857143,5.482857142857143,5.704285714285715,5.538571428571429,5.981428571428571,5.631428571428572,5.89,5.962857142857142,6.184285714285714,6.147142857142858,6.035714285714286
2021-12-09,zachodniopomorskie,Świdwiński,3216,0.6466353407768246,3.407142857142857,11.020821657973014,2021-12-09,4.6394,4.82,4.727142857142857,5.064285714285715,4.604285714285715,4.511428571428572,4.602857142857142,4.634285714285714,4.481428571428571,4.512857142857143,4.082857142857143,4.297142857142856,4.235714285714285,4.082857142857143,3.775714285714286,3.407142857142857
2021-12-09,zachodniopomorskie,Wałecki,3217,2.087009315650673,7.341428571428572,5.340846566869676,2021-12-09,5.2707,4.318571428571429,4.507142857142858,4.777142857142858,5.344285714285715,5.317142857142857,5.155714285714285,5.29,5.478571428571429,5.910000000000001,6.288571428571429,6.288571428571429,6.612857142857143,6.909999999999999,6.855714285714286,7.341428571428572
2021-12-09,zachodniopomorskie,Łobeski,3218,1.3703886422189333,5.398571428571429,13.840925286411226,2021-12-09,3.6486,4.734285714285714,3.991428571428572,4.812857142857142,4.890000000000001,4.498571428571429,4.381428571428572,4.537142857142858,4.184285714285714,4.497142857142857,4.731428571428572,4.38,4.967142857142856,4.928571428571429,4.732857142857143,5.398571428571429
2021-12-09,zachodniopomorskie,Koszalin,3261,1.8826187226431967,8.312857142857142,18.2698733938909,2021-12-09,10.6235,9.55714285714286,9.21,9.115714285714285,8.661428571428571,9.048571428571428,8.727142857142857,8.62,8.527142857142858,7.965714285714285,8.152857142857142,8.647142857142857,8.180000000000001,7.818571428571428,7.872857142857143,8.312857142857142
2021-12-09,zachodniopomorskie,Szczecin,3262,1.180148397383586,9.42,17.6268973396442,2021-12-09,39.8255,9.107142857142858,9.48857142857143,9.684285714285716,9.86,9.845714285714283,9.781428571428572,10.034285714285716,9.852857142857143,9.788571428571428,9.714285714285714,9.55285714285714,9.397142857142857,9.608571428571429,9.63,9.42
2021-12-09,zachodniopomorskie,Świnoujście,3263,1.7094852007424048,9.44,10.591481879456872,2021-12-09,4.0948,6.361428571428571,6.501428571428572,6.955714285714286,6.78,7.024285714285715,6.885714285714286,6.885714285714286,7.165714285714286,7.235714285714286,7.691428571428571,8.321428571428571,8.251428571428571,8.321428571428571,8.81,9.44
